-- phpMyAdmin SQL Dump
-- version 5.2.1
-- https://www.phpmyadmin.net/
--
-- Host: 127.0.0.1
-- Generation Time: Jan 14, 2024 at 01:23 PM
-- Server version: 10.4.32-MariaDB
-- PHP Version: 8.2.12

SET SQL_MODE = "NO_AUTO_VALUE_ON_ZERO";
START TRANSACTION;
SET time_zone = "+00:00";


/*!40101 SET @OLD_CHARACTER_SET_CLIENT=@@CHARACTER_SET_CLIENT */;
/*!40101 SET @OLD_CHARACTER_SET_RESULTS=@@CHARACTER_SET_RESULTS */;
/*!40101 SET @OLD_COLLATION_CONNECTION=@@COLLATION_CONNECTION */;
/*!40101 SET NAMES utf8mb4 */;

--
-- Database: `u621398810_vaccunadb_v1`
--

-- --------------------------------------------------------

--
-- Table structure for table `appointmenttable`
--

CREATE TABLE `appointmenttable` (
  `appt_id` int(11) NOT NULL,
  `userid` int(11) NOT NULL,
  `cid` int(11) NOT NULL,
  `vacid` int(11) NOT NULL,
  `appt_time` time DEFAULT NULL,
  `appt_date` date NOT NULL,
  `dose` int(11) NOT NULL,
  `child_name` varchar(50) NOT NULL,
  `guardian_name` varchar(50) NOT NULL,
  `contact_number` varchar(50) DEFAULT NULL,
  `age` varchar(50) DEFAULT NULL,
  `email` varchar(50) NOT NULL,
  `appointment_status` int(11) DEFAULT 0,
  `vaccine_administer` varchar(100) DEFAULT NULL,
  `for_reason` varchar(50) DEFAULT NULL,
  `status_desc` varchar(100) NOT NULL
) ENGINE=InnoDB DEFAULT CHARSET=utf8mb4 COLLATE=utf8mb4_general_ci;

--
-- Dumping data for table `appointmenttable`
--

INSERT INTO `appointmenttable` (`appt_id`, `userid`, `cid`, `vacid`, `appt_time`, `appt_date`, `dose`, `child_name`, `guardian_name`, `contact_number`, `age`, `email`, `appointment_status`, `vaccine_administer`, `for_reason`, `status_desc`) VALUES
(1, 35, 109, 1, NULL, '2023-11-02', 1, 'Katarina Yi Master', 'Jonny Wilson', '09987414131 ', NULL, 'jw@gmail.com ', 2, NULL, NULL, ''),
(2, 35, 109, 2, NULL, '2023-11-09', 1, 'Katarina Yi Master', 'Jonny Wilson', '09987414131 ', NULL, 'jw@gmail.com ', 2, NULL, NULL, ''),
(3, 35, 110, 0, '10:53:00', '2023-11-25', 0, 'Filipino Battousai', 'Sword', '09987414131', '0', 'jw@gmail.com', 3, 'Basilyo', 'Consultation', 'Missed Appointment, Visitation Failed'),
(4, 35, 110, 1, '11:33:00', '2024-01-16', 1, 'Filipino Battousai', 'Sword', '09987414131', '0', 'jw@gmail.com', 2, '', 'Vaccination', 'Completed / Done / Vaccinated'),
(5, 35, 110, 2, '16:18:00', '2024-01-22', 1, 'Filipino Battousai', 'Sword', '09987414131', '0', 'jw@gmail.com', 2, '', 'Vaccination', 'Completed / Done / Vaccinated'),
(6, 35, 110, 5, '18:19:00', '2024-01-23', 1, 'Filipino Battousai', 'Sword', '09987414131', '0', 'jw@gmail.com', 2, '', 'Vaccination', 'Completed / Done / Vaccinated'),
(7, 35, 109, 3, '16:19:00', '2024-01-27', 2, 'Katarina Master', 'Ze', '09987414131', '0', 'jw@gmail.com', 2, '', 'Vaccination', 'Completed / Done / Vaccinated'),
(8, 35, 110, 0, '19:19:00', '2024-01-19', 0, 'Filipino Battousai', 'Sword', '09987414131', '0', 'jw@gmail.com', 4, '', 'Consultation', 'For Consultation / For Visit'),
(9, 35, 108, 0, '18:20:00', '2024-01-27', 0, '', '', '09987414131', '', 'jw@gmail.com', 4, '', 'Consultation', 'For Consultation / For Visit'),
(10, 35, 110, 0, '16:21:00', '2024-01-31', 0, 'Filipino Battousai', 'Sword', '09987414131', '0', 'jw@gmail.com', 3, NULL, 'Consultation', 'Missed Appointment, Visitation Failed'),
(11, 35, 109, 4, '20:22:00', '2024-01-31', 1, 'Katarina Master', 'Ze', '09987414131', '0', 'jw@gmail.com', 2, '', 'Vaccination', 'Completed / Done / Vaccinated'),
(12, 35, 110, 7, '17:38:00', '2024-01-27', 1, 'Filipino Battousai', 'Sword', '09987414131', '0', 'jw@gmail.com', 2, '', 'Vaccination', 'Completed / Done / Vaccinated'),
(13, 35, 110, 0, '17:39:00', '2024-01-25', 0, 'Filipino Battousai', 'Sword', '09987414131', '0', 'jw@gmail.com', 3, NULL, 'Consultation', 'Missed Appointment, Visitation Failed'),
(14, 35, 110, 12, '17:39:00', '2024-01-14', 1, 'Filipino Battousai', 'Sword', '09987414131', '0', 'jw@gmail.com', 2, '', 'Vaccination', 'Completed / Done / Vaccinated'),
(15, 35, 109, 14, '18:09:00', '2024-01-14', 1, 'Katarina Master', 'Ze', '09987414131', '0', 'jw@gmail.com', 2, '', 'Vaccination', 'Completed / Done / Vaccinated'),
(16, 35, 109, 9, '19:09:00', '2024-01-14', 1, 'Katarina Master', 'Ze', '09987414131', '0', 'jw@gmail.com', 2, '', 'Vaccination', 'Completed / Done / Vaccinated'),
(17, 35, 109, 7, '17:12:00', '2024-01-14', 1, 'Katarina Master', 'Ze', '09987414131', '0', 'jw@gmail.com', 2, '', 'Vaccination', 'Completed / Done / Vaccinated'),
(18, 35, 109, 12, '18:12:00', '2024-01-14', 1, 'Katarina Master', 'Ze', '09987414131', '0', 'jw@gmail.com', 2, 'belly bush', 'Vaccination', 'Completed / Done / Vaccinated'),
(19, 35, 110, 9, '16:13:00', '2024-01-14', 1, 'Filipino Battousai', 'Sword', '09987414131', '0', 'jw@gmail.com', 2, 'belly bush', 'Vaccination', 'Completed / Done / Vaccinated'),
(20, 35, 110, 14, '17:20:00', '2024-01-14', 1, 'Filipino Battousai', 'Sword', '09987414131', '0', 'jw@gmail.com', 2, 'test', 'Vaccination', 'Completsed / Done / Vaccinated'),
(21, 35, 108, 1, '19:00:00', '2024-01-07', 1, 'Willump Nunu', 'Zed', '09987414131', '0', 'jw@gmail.com', 2, 'belly bush', 'Vaccination', 'Completsed / Done / Vaccinated'),
(22, 35, 112, 1, '19:05:00', '2024-01-14', 1, 'Elena Maria', 'Harry', '09987414131', '0', 'jw@gmail.com', 1, NULL, 'Vaccination', 'Waiting For Approval');

-- --------------------------------------------------------

--
-- Table structure for table `business_day`
--

CREATE TABLE `business_day` (
  `business_day_id` text NOT NULL,
  `available_date` date NOT NULL,
  `time_from` time DEFAULT NULL,
  `time_to` time DEFAULT NULL,
  `description` varchar(250) DEFAULT NULL
) ENGINE=InnoDB DEFAULT CHARSET=utf8mb4 COLLATE=utf8mb4_general_ci;

--
-- Dumping data for table `business_day`
--

INSERT INTO `business_day` (`business_day_id`, `available_date`, `time_from`, `time_to`, `description`) VALUES
('170086680017007246001700739000', '2023-11-25', '08:30:00', '12:30:00', 'Basilyo'),
('170086680017007246001700753400', '2023-11-25', '08:30:00', '04:30:00', 'Smuft'),
('170501400017050542601705094520', '2024-01-12', '11:11:00', '10:22:00', 'Harold'),
('170406360017050542601705054920', '2024-01-01', '11:11:00', '11:22:00', 'No vaccine'),
('170544600017050585201705094520', '2024-01-17', '12:22:00', '10:22:00', 'nono');

-- --------------------------------------------------------

--
-- Table structure for table `childtable`
--

CREATE TABLE `childtable` (
  `cid` int(11) NOT NULL,
  `userid` int(11) NOT NULL,
  `child_firstname` varchar(60) NOT NULL,
  `child_lastname` varchar(60) NOT NULL,
  `child_middlename` varchar(60) NOT NULL,
  `birthdate` date NOT NULL,
  `mothername` varchar(60) NOT NULL,
  `fathername` varchar(60) NOT NULL,
  `child_age` int(11) NOT NULL,
  `gender` varchar(20) DEFAULT NULL
) ENGINE=InnoDB DEFAULT CHARSET=utf8mb4 COLLATE=utf8mb4_general_ci;

--
-- Dumping data for table `childtable`
--

INSERT INTO `childtable` (`cid`, `userid`, `child_firstname`, `child_lastname`, `child_middlename`, `birthdate`, `mothername`, `fathername`, `child_age`, `gender`) VALUES
(108, 35, 'Nunu', 'Willump', 'And', '2023-11-01', 'Zed', 'Yasuo', 0, 'Male'),
(109, 35, 'Katarina', 'Master', 'Yi', '2023-11-01', 'Ze', 'Zi', 0, 'Male'),
(110, 35, 'Filipino', 'Battousai', 'Reverse', '2023-11-01', 'Sword', 'Tchnique', 0, 'Male'),
(111, 35, 'haha', 'haha', 'TRRY', '2024-01-17', 'HYYYHYH', 'UHUHUHUHUH', 0, 'Male'),
(112, 35, 'Maria', 'Elena', 'Santina', '2024-01-01', 'Harry', 'Samarino', 0, 'Female');

-- --------------------------------------------------------

--
-- Table structure for table `child_vaccine_status`
--

CREATE TABLE `child_vaccine_status` (
  `cvax_status_id` int(11) NOT NULL,
  `cid` int(11) NOT NULL,
  `vac_name` varchar(50) NOT NULL,
  `dosage_status` int(11) NOT NULL DEFAULT 0 COMMENT '0 - none \r\n1 = 1st dose \r\n2 = 2nd dose',
  `status` int(11) NOT NULL DEFAULT 0,
  `recommended_age` varchar(100) NOT NULL DEFAULT 'No',
  `reco_age` varchar(1000) NOT NULL
) ENGINE=InnoDB DEFAULT CHARSET=utf8mb4 COLLATE=utf8mb4_general_ci;

--
-- Dumping data for table `child_vaccine_status`
--

INSERT INTO `child_vaccine_status` (`cvax_status_id`, `cid`, `vac_name`, `dosage_status`, `status`, `recommended_age`, `reco_age`) VALUES
(0, 108, 'BCG', 1, 2, '1st dose', 'BCG vaccine should be given shortly after birth'),
(0, 108, 'HepB1', 0, 0, '1st dose', 'First vaccine Hepatitis B should be given after birth'),
(0, 108, 'HepB2', 0, 0, 'No', 'Second vaccine Hepatitis B should be given 1 month after the first dose was taken'),
(0, 108, 'HepB3', 0, 0, 'No', 'Third vaccine Hepatitis B should be given 6 months after the second dose was taken'),
(0, 108, 'DTaP1', 0, 0, '1st dose', 'First DTaP vaccine should be given 6 weeks after birth'),
(0, 108, 'DTaP2', 0, 0, 'No', 'Second DTaP vaccine should be given 10 weeks after the first dose was taken'),
(0, 108, 'HiB1', 0, 0, '1st dose', 'First HiB vaccine should be given 6 weeks after birth'),
(0, 108, 'HiB2', 0, 0, 'No', 'Second HiB vaccine should be given 10 weeks after the first dose was taken'),
(0, 108, 'IPV1', 0, 0, '1st dose', 'First IPV vaccine should be given 6 weeks after birth'),
(0, 108, 'IPV2', 0, 0, 'No', 'Second IPV vaccine should be given 10 weeks after the first dose was taken'),
(0, 108, 'IPV3', 0, 0, 'No', 'Third IPV vaccine should be 14 weeks after the second dose was taken'),
(0, 108, 'PCV1', 0, 0, '1st dose', 'First PCV vaccine should be given 6 weeks after birth'),
(0, 108, 'PCV2', 0, 0, 'No', 'Second PCV vaccine should be given 10 weeks after the first dose was taken'),
(0, 108, 'Rotavirus1', 0, 0, '1st dose', 'First  Rotavirus vaccine should be given 6 weeks after birth'),
(0, 108, 'Rotavirus2', 0, 0, 'No', 'Second Rotavirus vaccine should be given 10 weeks after the first dose was taken'),
(0, 108, 'MMR', 0, 0, 'No', 'First MMR vaccine should be given 9 months after birth'),
(0, 108, 'Influenza', 0, 0, 'No', 'First Influenza vaccine should be given 6 months after birth'),
(0, 108, 'HepA1', 0, 0, 'No', 'First Hepa vaccine should be given 12 months after birth'),
(0, 108, 'HepA2', 0, 0, 'No', 'Second Hepa vaccine should be given 6 weeks after the first dose was taken'),
(0, 108, 'DTaP3', 0, 0, 'No', 'Third DTaP vaccine should be 14 weeks after the second dose was taken'),
(0, 108, 'Rotavirus3', 0, 0, 'No', 'Third  Rotavirus vaccine should be 14 weeks after the second dose was taken'),
(0, 108, 'HiB3', 0, 0, 'No', 'Third HiB vaccine should be 14 weeks after the second dose was taken'),
(0, 108, 'PCV3', 0, 0, 'No', 'Third PCV vaccine should be 14 weeks after the second dose was taken'),
(0, 108, 'MMR2', 0, 0, 'No', 'Second MMR vaccine should be given 2 years after the first dose was taken'),
(0, 108, 'Influenza2', 0, 0, 'No', 'Second Influenza vaccine should be given 4 weeks after the first dose was taken'),
(0, 108, 'Influenza2', 0, 0, 'No', 'Second Influenza vaccine should be given 4 weeks after the first dose was taken'),
(0, 109, 'BCG', 1, 2, '1st dose', 'BCG vaccine should be given shortly after birth'),
(0, 109, 'HepB1', 1, 2, '1st dose', 'First vaccine Hepatitis B should be given after birth'),
(0, 109, 'HepB2', 1, 2, 'No', 'Second vaccine Hepatitis B should be given 1 month after the first dose was taken'),
(0, 109, 'HepB3', 0, 0, 'No', 'Third vaccine Hepatitis B should be given 6 months after the second dose was taken'),
(0, 109, 'DTaP1', 0, 2, '1st dose', 'First DTaP vaccine should be given 6 weeks after birth'),
(0, 109, 'DTaP2', 0, 0, 'No', 'Second DTaP vaccine should be given 10 weeks after the first dose was taken'),
(0, 109, 'HiB1', 1, 2, '1st dose', 'First HiB vaccine should be given 6 weeks after birth'),
(0, 109, 'HiB2', 0, 0, 'No', 'Second HiB vaccine should be given 10 weeks after the first dose was taken'),
(0, 109, 'IPV1', 1, 2, '1st dose', 'First IPV vaccine should be given 6 weeks after birth'),
(0, 109, 'IPV2', 0, 0, 'No', 'Second IPV vaccine should be given 10 weeks after the first dose was taken'),
(0, 109, 'IPV3', 0, 0, 'No', 'Third IPV vaccine should be 14 weeks after the second dose was taken'),
(0, 109, 'PCV1', 1, 2, '1st dose', 'First PCV vaccine should be given 6 weeks after birth'),
(0, 109, 'PCV2', 0, 0, 'No', 'Second PCV vaccine should be given 10 weeks after the first dose was taken'),
(0, 109, 'Rotavirus1', 1, 2, '1st dose', 'First  Rotavirus vaccine should be given 6 weeks after birth'),
(0, 109, 'Rotavirus2', 0, 0, 'No', 'Second Rotavirus vaccine should be given 10 weeks after the first dose was taken'),
(0, 109, 'MMR', 0, 0, 'No', 'First MMR vaccine should be given 9 months after birth'),
(0, 109, 'Influenza', 0, 0, 'No', 'First Influenza vaccine should be given 6 months after birth'),
(0, 109, 'HepA1', 0, 0, 'No', 'First Hepa vaccine should be given 12 months after birth'),
(0, 109, 'HepA2', 0, 0, 'No', 'Second Hepa vaccine should be given 6 weeks after the first dose was taken'),
(0, 109, 'DTaP3', 0, 0, 'No', 'Third DTaP vaccine should be 14 weeks after the second dose was taken'),
(0, 109, 'Rotavirus3', 0, 0, 'No', 'Third  Rotavirus vaccine should be 14 weeks after the second dose was taken'),
(0, 109, 'HiB3', 0, 0, 'No', 'Third HiB vaccine should be 14 weeks after the second dose was taken'),
(0, 109, 'PCV3', 0, 0, 'No', 'Third PCV vaccine should be 14 weeks after the second dose was taken'),
(0, 109, 'MMR2', 0, 0, 'No', 'Second MMR vaccine should be given 2 years after the first dose was taken'),
(0, 109, 'Influenza2', 0, 0, 'No', 'Second Influenza vaccine should be given 4 weeks after the first dose was taken'),
(0, 110, 'BCG', 1, 2, '1st dose', 'BCG vaccine should be given shortly after birth'),
(0, 110, 'HepB1', 1, 2, '1st dose', 'First vaccine Hepatitis B should be given after birth'),
(0, 110, 'HepB2', 0, 0, 'No', 'Second vaccine Hepatitis B should be given 1 month after the first dose was taken'),
(0, 110, 'HepB3', 0, 0, 'No', 'Third vaccine Hepatitis B should be given 6 months after the second dose was taken'),
(0, 110, 'DTaP1', 1, 2, '1st dose', 'First DTaP vaccine should be given 6 weeks after birth'),
(0, 110, 'DTaP2', 0, 0, 'No', 'Second DTaP vaccine should be given 10 weeks after the first dose was taken'),
(0, 110, 'HiB1', 1, 2, '1st dose', 'First HiB vaccine should be given 6 weeks after birth'),
(0, 110, 'HiB2', 0, 0, 'No', 'Second HiB vaccine should be given 10 weeks after the first dose was taken'),
(0, 110, 'IPV1', 1, 2, '1st dose', 'First IPV vaccine should be given 6 weeks after birth'),
(0, 110, 'IPV2', 0, 0, 'No', 'Second IPV vaccine should be given 10 weeks after the first dose was taken'),
(0, 110, 'IPV3', 0, 0, 'No', 'Third IPV vaccine should be 14 weeks after the second dose was taken'),
(0, 110, 'PCV1', 1, 2, '1st dose', 'First PCV vaccine should be given 6 weeks after birth'),
(0, 110, 'PCV2', 0, 0, 'No', 'Second PCV vaccine should be given 10 weeks after the first dose was taken'),
(0, 110, 'Rotavirus1', 1, 2, '1st dose', 'First  Rotavirus vaccine should be given 6 weeks after birth'),
(0, 110, 'Rotavirus2', 0, 0, 'No', 'Second Rotavirus vaccine should be given 10 weeks after the first dose was taken'),
(0, 110, 'MMR', 0, 0, 'No', 'First MMR vaccine should be given 9 months after birth'),
(0, 110, 'Influenza', 0, 0, 'No', 'First Influenza vaccine should be given 6 months after birth'),
(0, 110, 'HepA1', 0, 0, 'No', 'First Hepa vaccine should be given 12 months after birth'),
(0, 110, 'HepA2', 0, 0, 'No', 'Second Hepa vaccine should be given 6 weeks after the first dose was taken'),
(0, 110, 'DTaP3', 0, 0, 'No', 'Third DTaP vaccine should be 14 weeks after the second dose was taken'),
(0, 110, 'Rotavirus3', 0, 0, 'No', 'Third  Rotavirus vaccine should be 14 weeks after the second dose was taken'),
(0, 110, 'HiB3', 0, 0, 'No', 'Third HiB vaccine should be 14 weeks after the second dose was taken'),
(0, 110, 'PCV3', 0, 0, 'No', 'Third PCV vaccine should be 14 weeks after the second dose was taken'),
(0, 110, 'MMR2', 0, 0, 'No', 'Second MMR vaccine should be given 2 years after the first dose was taken'),
(0, 110, 'Influenza2', 0, 0, 'No', 'Second Influenza vaccine should be given 4 weeks after the first dose was taken'),
(0, 110, 'Influenza2', 0, 0, 'No', 'Second Influenza vaccine should be given 4 weeks after the first dose was taken'),
(0, 111, 'BCG', 0, 0, 'No', 'BCG vaccine should be given shortly after birth'),
(0, 111, 'HepB1', 0, 0, 'No', 'First vaccine Hepatitis B should be given after birth'),
(0, 111, 'HepB2', 0, 0, 'No', 'Second vaccine Hepatitis B should be given 1 month after the first dose was taken'),
(0, 111, 'HepB3', 0, 0, 'No', 'Third vaccine Hepatitis B should be given 6 months after the second dose was taken'),
(0, 111, 'DTaP1', 0, 0, 'No', 'First DTaP vaccine should be given 6 weeks after birth'),
(0, 111, 'DTaP2', 0, 0, 'No', 'Second DTaP vaccine should be given 10 weeks after the first dose was taken'),
(0, 111, 'HiB1', 0, 0, 'No', 'First HiB vaccine should be given 6 weeks after birth'),
(0, 111, 'HiB2', 0, 0, 'No', 'Second HiB vaccine should be given 10 weeks after the first dose was taken'),
(0, 111, 'IPV1', 0, 0, 'No', 'First IPV vaccine should be given 6 weeks after birth'),
(0, 111, 'IPV2', 0, 0, 'No', 'Second IPV vaccine should be given 10 weeks after the first dose was taken'),
(0, 111, 'IPV3', 0, 0, 'No', 'Third IPV vaccine should be 14 weeks after the second dose was taken'),
(0, 111, 'PCV1', 0, 0, 'No', 'First PCV vaccine should be given 6 weeks after birth'),
(0, 111, 'PCV2', 0, 0, 'No', 'Second PCV vaccine should be given 10 weeks after the first dose was taken'),
(0, 111, 'Rotavirus1', 0, 0, 'No', 'First  Rotavirus vaccine should be given 6 weeks after birth'),
(0, 111, 'Rotavirus2', 0, 0, 'No', 'Second Rotavirus vaccine should be given 10 weeks after the first dose was taken'),
(0, 111, 'MMR', 0, 0, 'No', 'First MMR vaccine should be given 9 months after birth'),
(0, 111, 'Influenza', 0, 0, 'No', 'First Influenza vaccine should be given 6 months after birth'),
(0, 111, 'HepA1', 0, 0, 'No', 'First Hepa vaccine should be given 12 months after birth'),
(0, 111, 'HepA2', 0, 0, 'No', 'Second Hepa vaccine should be given 6 weeks after the first dose was taken'),
(0, 111, 'DTaP3', 0, 0, 'No', 'Third DTaP vaccine should be 14 weeks after the second dose was taken'),
(0, 111, 'Rotavirus3', 0, 0, 'No', 'Third  Rotavirus vaccine should be 14 weeks after the second dose was taken'),
(0, 111, 'HiB3', 0, 0, 'No', 'Third HiB vaccine should be 14 weeks after the second dose was taken'),
(0, 111, 'PCV3', 0, 0, 'No', 'Third PCV vaccine should be 14 weeks after the second dose was taken'),
(0, 111, 'MMR2', 0, 0, 'No', 'Second MMR vaccine should be given 2 years after the first dose was taken'),
(0, 111, 'Influenza2', 0, 0, 'No', 'Second Influenza vaccine should be given 4 weeks after the first dose was taken'),
(0, 111, 'Influenza2', 0, 0, 'No', 'Second Influenza vaccine should be given 4 weeks after the first dose was taken'),
(0, 112, 'BCG', 1, 1, '1st dose', 'BCG vaccine should be given shortly after birth'),
(0, 112, 'HepB1', 0, 0, '1st dose', 'First vaccine Hepatitis B should be given after birth'),
(0, 112, 'HepB2', 0, 0, 'No', 'Second vaccine Hepatitis B should be given 1 month after the first dose was taken'),
(0, 112, 'HepB3', 0, 0, 'No', 'Third vaccine Hepatitis B should be given 6 months after the second dose was taken'),
(0, 112, 'DTaP1', 0, 0, 'No', 'First DTaP vaccine should be given 6 weeks after birth'),
(0, 112, 'DTaP2', 0, 0, 'No', 'Second DTaP vaccine should be given 10 weeks after the first dose was taken'),
(0, 112, 'HiB1', 0, 0, 'No', 'First HiB vaccine should be given 6 weeks after birth'),
(0, 112, 'HiB2', 0, 0, 'No', 'Second HiB vaccine should be given 10 weeks after the first dose was taken'),
(0, 112, 'IPV1', 0, 0, 'No', 'First IPV vaccine should be given 6 weeks after birth'),
(0, 112, 'IPV2', 0, 0, 'No', 'Second IPV vaccine should be given 10 weeks after the first dose was taken'),
(0, 112, 'IPV3', 0, 0, 'No', 'Third IPV vaccine should be 14 weeks after the second dose was taken'),
(0, 112, 'PCV1', 0, 0, 'No', 'First PCV vaccine should be given 6 weeks after birth'),
(0, 112, 'PCV2', 0, 0, 'No', 'Second PCV vaccine should be given 10 weeks after the first dose was taken'),
(0, 112, 'Rotavirus1', 0, 0, 'No', 'First  Rotavirus vaccine should be given 6 weeks after birth'),
(0, 112, 'Rotavirus2', 0, 0, 'No', 'Second Rotavirus vaccine should be given 10 weeks after the first dose was taken'),
(0, 112, 'MMR', 0, 0, 'No', 'First MMR vaccine should be given 9 months after birth'),
(0, 112, 'Influenza', 0, 0, 'No', 'First Influenza vaccine should be given 6 months after birth'),
(0, 112, 'HepA1', 0, 0, 'No', 'First Hepa vaccine should be given 12 months after birth'),
(0, 112, 'HepA2', 0, 0, 'No', 'Second Hepa vaccine should be given 6 weeks after the first dose was taken'),
(0, 112, 'DTaP3', 0, 0, 'No', 'Third DTaP vaccine should be 14 weeks after the second dose was taken'),
(0, 112, 'Rotavirus3', 0, 0, 'No', 'Third  Rotavirus vaccine should be 14 weeks after the second dose was taken'),
(0, 112, 'HiB3', 0, 0, 'No', 'Third HiB vaccine should be 14 weeks after the second dose was taken'),
(0, 112, 'PCV3', 0, 0, 'No', 'Third PCV vaccine should be 14 weeks after the second dose was taken'),
(0, 112, 'MMR2', 0, 0, 'No', 'Second MMR vaccine should be given 2 years after the first dose was taken'),
(0, 112, 'Influenza2', 0, 0, 'No', 'Second Influenza vaccine should be given 4 weeks after the first dose was taken'),
(0, 112, 'Influenza2', 0, 0, 'No', 'Second Influenza vaccine should be given 4 weeks after the first dose was taken');

-- --------------------------------------------------------

--
-- Table structure for table `reset_pass`
--

CREATE TABLE `reset_pass` (
  `id` int(11) NOT NULL,
  `email` varchar(255) NOT NULL,
  `rpass` varchar(60) NOT NULL,
  `code` mediumint(50) NOT NULL
) ENGINE=InnoDB DEFAULT CHARSET=utf8mb4 COLLATE=utf8mb4_general_ci;

--
-- Dumping data for table `reset_pass`
--

INSERT INTO `reset_pass` (`id`, `email`, `rpass`, `code`) VALUES
(38, 'percii6027@gmail.com', '', 339356),
(39, 'danncoloma123@gmail.com', '', 969306),
(40, 'daxxcoloma123@gmail.com', '', 198183),
(41, 'angelostalagtag@gmail.com', '', 0),
(42, 'angelostalagtag@gmail.com', '', 0);

-- --------------------------------------------------------

--
-- Table structure for table `usertable`
--

CREATE TABLE `usertable` (
  `userid` int(11) NOT NULL,
  `firstname` varchar(60) NOT NULL,
  `lastname` varchar(60) NOT NULL,
  `user_email` varchar(60) NOT NULL,
  `username` varchar(60) NOT NULL,
  `phonenumber` varchar(60) NOT NULL,
  `token_verified` varchar(100) NOT NULL,
  `status_verified` tinyint(2) NOT NULL DEFAULT 0 COMMENT '0- not verified 1-verified',
  `password` varchar(60) NOT NULL,
  `image` longblob NOT NULL,
  `usertype` varchar(6) NOT NULL,
  `datecreated` timestamp NOT NULL DEFAULT current_timestamp(),
  `is_notified` int(11) DEFAULT 0 COMMENT '0 - not notified\r\n1 - notified',
  `code` mediumint(50) NOT NULL,
  `status` varchar(12) NOT NULL
) ENGINE=InnoDB DEFAULT CHARSET=utf8mb4 COLLATE=utf8mb4_general_ci;

--
-- Dumping data for table `usertable`
--

INSERT INTO `usertable` (`userid`, `firstname`, `lastname`, `user_email`, `username`, `phonenumber`, `token_verified`, `status_verified`, `password`, `image`, `usertype`, `datecreated`, `is_notified`, `code`, `status`) VALUES
(31, 'Harold Angelo', 'Talagtag', 'hatalagtag@gmail.com', 'Harold Angelo', '09984143408', '9550cd7d09b0dde7d17b931ea88c14f8', 1, 'e10adc3949ba59abbe56e057f20f883e', 0x6d616c652d69636f6e2d31352e706e67, 'admin', '2023-09-25 07:00:00', 0, 0, ''),
(35, 'Jonny', 'Wilson', 'jw@gmail.com', 'jwbushbush', '09987414131', '47234f4683e34a537fe0a43134065fe286', 1, '827ccb0eea8a706c4c34a16891f84e7b', 0x53637265656e73686f7420323032332d30372d3239203133323031382e706e67, 'parent', '2023-10-13 07:00:00', 0, 0, ''),
(36, 'Dan Xavier', 'Coloma', 'percii6027@gmail.com', 'Danxx', '09876543211', '9550cd7d09b0dde7d17b931ea88c14f8', 1, 'e10adc3949ba59abbe56e057f20f883e', 0x89504e470d0a1a0a0000000d4948445200000140000001c4080600000048b1f3640000180449444154789ceddd6f8ca55741c7f16f6fa7c3b0aeeb5ad6b1ae6b539b5297a5aea50122480a166c9a5a9a429418236a6a448284a01283f1cf0b8c4125a612f50569081a2c444d8301b1945afed89442a195424bb7a4dd966e77296559b6dbe9767676e6d617e7deec74b8b3779e33cfbde73ce77c3fc9c96c3bbb73cf9c7bceef39e779cef35c902449922449922449922449922449922449922449922449cac819a92ba0aacc00dbd69419e0d89ab298aa82aa8b01a849e901e70297002f1b7c3d1f981b7c6f5800faabca327008b81bb80bf80af04d60698a7597a40deb015b8079e052e03ae061e024b0023c1b595606e5bbc08781ab815dc0564e85a714cd19a0366b3bb01bb81c783db017989dd06bf581fdc0a7818f01f7024f0cfebf244dcd76e055c07b8103c4cff262cb93c007812b819d382394340573c02b09c1771f9b5be26eb6ac000781eb81ab08a12c4913310fbc0db803788674c1b7b69c041e00fe9270a1c5d9a0a4d6f4803d8425e741d2cefa4e57be0f7c02b88cb0bd469236ed4ae01ef29af59d6e36f830f08e89b484a46acc006f24ccac52075bd3f234f06784739692d4c856e0ad7433fc5687e07584739792b4216703ef02be4dfa10db6c7912f827c25d29d2739c99ba02cace36e037813f24ecafebbae7012f04ce02be0e2ca4ad8ea45ccd12cef9dd47fa995bdbe520f07642c04bd273f4809702b791ef3697cd9607081ba62775ab9ea48eda09dc089c207d504daaac005f022e6aa9cd2415601678376587dfea10fc106e8f9134b09b70b53475384d3304af6ca5e52475da1cf051d287d2b4cb5d84ed3e922a763561c370ea409a763901fc31de332c556b27702be55ef51d57ee032ede742baab37c6c50ddde4808805afbc179c09b715b4cb56aedf80ab786bd9eba1f22ba85f019267b535744691880f5ba8cb01faef63e70217005b643957cd3ebb41d782d704eea8a64601bf00ac293a4551903b04e7b094f78f6fd0ff6e0c5902a3900ea74013e1e6ab59d8436714b4c650cc0facc1096be6e023e6516f8497c524c750cc0fa6c017e0cdffbb576109e82ad8a3808ea3387037d94ad8483832a6200d667169f8432ca1c9e03ac8e01589f19bcf36194590cc0ea1880f5e9e1fb3e8aed5221dff0fa38d047b35d2ae41b5e27dff71f649b54c8375d52b50c4049d532002555cb00ac533f750532649b54c800ac4f1f07bb04188035320047b35d2a6400d66719584a5d890c2d630056c700accf12b098ba12195a2284a02a6200d667113896ba12193a8e0786ea1880f5390e7c0f673b6b1dc300ac8e01589f65e0107034754532730467c6d53100ebb41f7834752532b2041c0016525744d36500d6e95ee01b78d573e811e09bd81ed53100eb7404b80d7822754532d0271c10be96ba229a3e03b05e9f01f6e1ace728703bf058ea8a68fa0cc07aed076ea1eef35e7dc241e0537820a8920158af3ef0ef84f35fb55a006e229cff53850cc0baed07fe8d7a6f8ddb0f7c04f7444ad59a071e009eadac3c03bc0d270152f5ae0556481f4ad32c9fc70f42974408824f504f087e0fb8b8959693d4793de0e78187491f4e932e4f01efc60f87177066ea0a280bcf12f6c39d045e0e3c3f6d75266609f818f0b7c09389eb222933bb80eb09170852cfd4da2e2bc0adc04bf1c287a4117a8473639f24cc065387569be52ee04a5cfa4a3a8d19e035c01d947351e47ee04d78d557d206cc02af03ee237d786db63c4c08bfb9565b4852d17a840b22f7d0cd99e00a61e677199ef39314e97cc2a6e1a7491f6a1b2dcf101ef7b56702ed21a932e7021f000e923edcc6958383ba9e3b91969054a5b309f7cede419edb649e263cd7efad83ba4a52abe6805702d701df228f73832bc043c0fb08e72cbdd82169a2e6097bea3e44b8a32255f87d9fb0dcbd1cd831d1df589256e901e710aeb27e94708fedb482ef29e006c27ec579bcca2b29911eb01db804f83bc2bebb15da5f1eaf00df26ccf85e3a784d834f9b7246ea0aa838db804b813710ce176e276cac9e199451a1d5e7d46772f4094f681e9605e02b84dbf3fe073fc94e2d320035497384bd7817003b8117106e471b06e230ec1607e569e038e1c93487091fdebe7ff03d499224499224499224491be15560ad67bd3d761bd97b37a9fd79fdf17f65e4dfd9c8bf53850cc072acde6bb77acfddf0eb7a8535ffbdf667acfdb9bd757eeedaff66c49f9b5abb3f7075595ee7bf974794a5555fd7febc513f7bedcf1ff5f30cd5021880dd3443d8703c3f28db075fcf067e64f0bdad83b285b01f6ff87576d5d761b8adfe73e97757f4796e200ecbe2aaaf8b84fd88c3b2001c23dcf77c84b019fbc8aa3f1f1efc5b758c01d82de700bb810b8117113619ef266c329e4958af1a3d013c08ec237c74c03707e5110cc3ce3000f3374308bad7002f032e22dc59b135619df45c4bc0638430fc1ae109da5f24dcd1a28c1980f99a23dcf4ff06c273eef6e0833ebb60893033bc17b809f814f078d21a695d06607e6680bdc0ef121e35b50b3fceb18b9609e706ef253cbaeb3f7146289dd6d9c07b099f6b7182f44f5bb6b4f318af27815b08a7313c572bad327c9ede9b8003a41fb096c986e187081fd86410aa7a7384e5eef5e4f9414396c9947b805fc173bac99d99ba0215db0e5c05bc07f865c23e3cd5e1c709cbe139c2d5e3ef138251536600a6b113f81de08f809fa3fccdc7fa413f4478ef77018780ef1096c89a220370face05fe14b816f8a9c475515acf236c6abf9010828f62084e9501385dbb80bf27ecedfbd1c475511ece241c145f42580e3f88f719ab40f3c0adb8bdc5b27e3948382f2c15e55ce066e024e9079925eff23de06adc2633152e8127ef7ce01f805fc24eadf19e0fbc9af069780fe139c1893200276b17f017c0eb0927bca58df861e067091f32ff0886e0c4188093b303f87de0cd84e7f3494dbc00f869e001c2b9412f8c4c800138195b08577adf4978869fd4d419840dd3f384476c3d91b63a653200dbd7233cc6ea3dc0cf24ae8bbaed4cc25ed1b380bb094fa6568b0cc0f6bd00f86be0527cdc9836ef2ce0858465f0bd84c76c4959ea016fc7bd7e96f6cb01c28333d4226728edda0d7c191f57afc9f81c6147814be196b8046ecf16c26d6e2f495d1115eb3cc2d698bb13d7a3183e85a43daf03ae485d0915ef0f087716a90506603be681dfc3cfeed0e49d4f78949a63b70536623bae002ec15bdd3479b38407265c98ba22253000376f9e70627a47ea8aa80a3dc22cf09ad415298101b87997e2ec4fd3b58df0c0845da92bd27506e0e66c057e9170754e9a961eb08770f0d52618809b731161f6673b6ada7601bf807b4e37c5811b6f06b898702496a6ad4738007b3164130cc0783b089b9e7dd49552b99070f791221980f176126680522af3c08b71191ccd008cd323ecc6f7e8ab9486cb609f3919c9008c334b084097bf4a6d0f6135a20806609c39e027525742226cc1da8563398a8d166716383b752524c26e8417e36a248a011867063b9cf271013e88238a0118c700544ecec5008c6200c699219c079472b013fb631403304e0f8fb8cac70ec27969356400c699c100543ee6b03f463100e3f470c9a17cf480ed389e1bb3c1e21880cacd361ccf8dd960710c40e5662b8ee7c66cb03806a072b305c7736336589c1e5e75535e3c20473000e31880cacdf35357a08b0cc03833d876cacb2cf6c9c66cb038cefe941bfb640403b03997bfca9133c00836581c0350b9f173a9231880cd3903548e0cc00806601c3b9b72639f8c6000c6b1b329378ee5080ee438a996c08bc017803b477c6f16b80a3f287bd20e03ff4a782fd6da0d5c4e9a27b31880110cc0e6529e035c026e05fe71c4f7b6121e8d6e004ed611e03ae0e888ef5d0dbc8a3401e8ded40806609c54edd627cc3c8eadf3bde5e956a74a7d42fb8f7a0f1607df574778c48863bb699494e1e764268203b939b7c148853000e378b4d528ce003bc6008c6367930a6000c6b1dd344aca19a07d32828d16c719a072e3588e60a335d703ce4a5d0965a94fba59a06339828d16c719a072d3c3f1dc980d16c700d4286e82ee1803308eed2615c0811cc776d328ce003bc681dc5c0f97c0ca8f6339828d16c700d428ce003bc60094542d03308e33408de29d201d63a3c5b1dda4023890e3d86e5a8fe7013bc4811cc776d3282e813bc6468b63bb4905702037e73d975a8fcbdf8e7120c7b1dda4023890e3d86e1ac573801d63a3c5b1dda4023890e3d86e52011cc8716c378de245908e71204bed31003bc6008c63bb693d8660873890e3d86e1ac5f0eb1807b2a46a1980716c37a9000ee4e6bc154eeb7109dc310e64a93d0660c7188092aa65004aaa960118c776d3282e813bc6812ca95a06a0d41e67801d63004aede96308768a0118c776930ae04096542d03506a8f8fc4ef181b4d52b50c40a93d2967805e7c8960004aaa960128b5c75958c7188092aa65004aaa960128b5c73b413ac60094542d03506a8fb3bf8e3100bbc74126b5c4008c63086914fb45c7188092aa6500c6f148af51ec171d63004aaa960128b5c71960c7188071ece85a8f7da3430c40a93d865fc71880cd79bb9372649f8c6000c6f1c1971ac5f7a6630c4049d53200e378a4d728ae0c3ac60094542d03308e475b8d62bfe81803308e1d5db9b14f463000e3d8d9a4021880710c408d62bfe81803308e1d5debb16f748801d89c7782683d6e83e9180330ce72ea0a48da3c03308e475b8d62bfe81803308e1d5db9b14f463000e3d8d9344aea7380f6cb860cc038a93bbaa4161880cdf5f12288f2e38131820118c700d4288650c7188071ece81a25e57938fb640403304eca19a01d5da3d82f221880715c026b142f8e758c01d89c174194230330820118e764a2d775af97d663bf886000c6f11ca046f1bde91803308e01a85152be379e9689600036e73940e5c8d323110cc0384b095fdb4e9e2faf02778c0118c725b072e3aa2482011827d50cd0658ed663004630009bebe31258a3a53c401980110cc038293b9b1d5da32ce3c1b13103b0b93eb098f8f5a5b5ec17110cc03829cf013a03d428294fcb74960118c719a0d693eafd7926e16b779601d85cca2570ea0b30ca97fd2282011827e5096797c0794bd52f52ae4a3acb008c936a1698fa028cc64b19802e811b3200e3a40c40973a1ae53806606306609c65d205e0f104afab8d4b15420b895eb7d30cc0387dd274380350eb398633c0c60cc038cba409a23ea1a32b5f2942681903308a011867d8e1a66d09389ae07595b72378712c8a01186799344174182f82e42ec52cec100660140330ce22218ca6a90fec9bf26baa1bf6e145902806609ce3c043537ecd65e0b629bfa69a9bf60c7d11b89db00c564306609ce3c0578047a6f89a87804f4ff1f514e73f98eedd3a5f03be884be02806609c3e7037f071a6d7d9df0f3c3ea5d752bc7f06fe7b4aafb5087c024f8d443300e31d016e201c7d27ed33c047a6f03adabca3c09f008f4de1b5be00fc179eff534257035f075680675b2e2bc0fdc0c58c3f586d056e9c401d2ccf2df703dbc7bc1733847ef1dd09d561d82fde38a61ed2c4f5805f03eea1dd103c09dc075c05cc6ea01e06603e0108b005780b708076fbc50af0c0e067cf6ca01ed2545c01dc029c60f39dfc29e05642f8cd6df0f50dc0bc0210601bf0dbc05db4d32f4e009f271c700d3f65670fe162c5fdc41df54f02ff07fc0d7009cd3ab901985f004238805d067c90f8d9e07035f07ec2e910b5c4a348bbbe01fc397033f06ae0358450dc3ae6df3d017c15f82ce1a2cadd947bcfef12eb6fd99865e333deae58245cc4da07dc04bc96d02f2e60fcf85b206c73f95f4ef58d52fb451267a4ae40a17a84e5cff9c079c06ee085c04ec2b9a1e1bdc48f1166140f12f6143e42fc7eaeadc0bf90ff89f18f031f66f495cb5f05ae9d6e751adb07bc82f85b21cf21f48bf381170dbece13fac5f029438708e7f9f671aa5ff8b08309700638197dc200b99b30b3db3228739cba9a3b7ca6e0026156544be77e9430231a75e7c2de29d72585c707e54ec2416b8e30f31d8ec561bf388e0f399d380370f2864775f76a69b5540fd4d02a6e8496542d035052b50c4049d532002555cb0094542d035052b50c4049d532002555cb0094542d035052b50c4049d532002555cb0094542d035052b50c4049d532002555cb0094542d035052b50c4049d532002555cb0094542d035052b50c4049d532002555cb0094542d035052b50c4049d532002555cb0094542d035052b50c4049d532002555cb0094542d035052b50c4049d532002555cb0094542d035052b50c4049d532002555cb0094542d035052b50c4049d532002555cb0094542d035052b50cc0b2f4535740ea12035052b50c4049d532002555cb0094542d035052b50c4049d532002555cb0094542d035052b50c4049d532002555cb0094542d035052b50cc0b2f83418a901035052b50c4049d532002555cb0094542d035052b50cc0b27815586ac00094542d035052b50c4049d532002555cb002c8b1741a4060c40a9190f320531002555cb0094542d03b02c2ecfa4060c4049d532002555cb0094542d0350d3e6794a65c30094542d035052b50cc0b2b8bc941a30002555cb0094542d035052b50cc0b2780e506ac000949af1205310035052b50cc072f47176223562002a05835a5930002555cb002c8b332ba901035052b50c4049d532002555cb002c8be700a5060c4049d53200cbe20c506ac000949af1205310035052b50cc0b2383b911a3000356d86b4b2610096c570911a30002555cb002c8b33c0c9b38d0b62004aaa960158166727520306a0a6cd47f72b1b0660590c96c9b38d0b62004aaa96015816672793671b17c4002c8703536ac8002c8b213879b671410c4049d53200cbd285d94917ea783a5dafbf5631002555cb002c4b5766275da9e7285daebbd63000a5e60cc14218806571604e9e6d5c1003b02c5d189c5da8a32a61002a275d08c72ed4511b640096652575052a600016c4002c4b1706a78fc352360cc0b294102cb9ff0eb9d74f0d188065e9c2e0ec421d4fa7ebf5d72a0660395c5a4e876d5c100350d376baa036c435550660590c8fc95b4e5d01b5c7002c4bd703b00bf5ef421db541066059ba3038c72d7373ff1d72af9f1a3000cbe2e09c3ccf5316c4002c4b1706e6e9ee56e942fdbb50476d9001a8dce41e30b9d74f0d188065e9c2e01cb70d26775da8a336c8002c4b098333f7dfc16d30053100cb927b7840f767800660410cc072f4e9c6e01cb70526f710ccbd7e6ac0002c4b1706671742ee7496e976fdb58a015896ae0fcc2e84631766d9da2003b02cb987c73806a0a6ca002c4beee1b191dbe072ff1d0cc082188065c97d70961280b9d7511b640096a50b03b3840054210cc0b2e43e384b98012ea5ae80da630096a30be131ae8e5d585e9e485d01b5c7002c8b33c0c95b22ff3a6a830cc0b2743d0097c9ff7770095c1003b02cb9cf4cc62d710d404d95015896dcc363dcfdca5d08c045f23fd068830cc072f4c97f7652c212f878ea0aa83d066059720f8f7101b734e6fb39388e33c062188065c93d3c361280b9cf629d0116c4002c4fce2138ee1c60170270016780c53000cb92fb4351c7cd0017c93b00bb10d06ac0002c4bee1742c605c8e2a0e4cad95f610cc0b2188093758cbc67d86ac8002c4fce01b8cce9ebb740de17198e9177fbaa2103b02ccbe41d20c7397dfd16082193abc338032c8a0158963ef907e0c269bebf0c1c25df65f0619c0116c5002ccb12214072758cf133bc6f73fa904ce910f986b3221880655900ee4d5d89752c1102e4c898bff728f986f8b730008b620096e528701b799e477b8c50b77101f22061a9999b4542381b80053100cbb20c7c15f842ea8aacb104dc097c66037f77ffa0e476b1613ff038ee032c8a01589efdc08de4358b7a1cf800e397bf106658379157fd2104f823a92b2169bc79e07ac2e7573c9bb83c0dbc8b6607db39e0a3c0c90ceaff2cf010704dc3df4152421703379336444e023700b311f5df097c1e584958ff15e000f04e604bc4ef2029a1cb812f9126444e02b700e76ca2fe17122e9ca4a8ff0ae1aaafe12775d895c0ed4c373c4e009f04f6b2b965630f78392148a73d933d00bc03c34feabc4b09cbe169cca49e222c7b2f01665aa8fb0c21046f249c4f9c46f83d0c5c8be12715632f701df05d26171c0781f70217d0ee05831960cfa0fedf9960fd5780cf02571377de5252a67ac00ee04d848b0b6d2e294f0e7ee635c0d953a8ffed2dd77f18de7f055c443b335749199a215c617d0b701ff141b232f8b7b701bf4e08a76904c7ece0b57e835317786297f6c3abbcef232cd9b7e05697aa9c91ba024a6a0eb80cf82de095847099e1b921307cccfe326193f221c2dd2677009f23eddd113de03cc2eff00ac232799ef07bf418fd7b2c10368b7f9950ff3bf1f6b66a19801ada41d876720eb0951084c3e70b1e2604dd21f2bccf78b52dc076601ba7cee30d7f8fa384fa7b3b9b244992244992244992244992244992244992244992244992f2f3ff332da5bb4e747e2a0000000049454e44ae426082, 'it', '2023-11-23 15:49:45', 0, 0, ''),
(37, 'Marijo', 'Pedian', 'marijopedian051702@gmail.com', 'Marijo', '09876543211', '9550cd7d09b0dde7d17b931ea88c14f8', 1, 'e10adc3949ba59abbe56e057f20f883e', 0x89504e470d0a1a0a0000000d4948445200000140000001c4080600000048b1f3640000180449444154789ceddd6f8ca55741c7f16f6fa7c3b0aeeb5ad6b1ae6b539b5297a5aea50122480a166c9a5a9a429418236a6a448284a01283f1cf0b8c4125a612f50569081a2c444d8301b1945afed89442a195424bb7a4dd966e77296559b6dbe9767676e6d617e7deec74b8b3779e33cfbde73ce77c3fc9c96c3bbb73cf9c7bceef39e779cef35c902449922449922449922449922449922449922449922449cac819a92ba0aacc00dbd69419e0d89ab298aa82aa8b01a849e901e70297002f1b7c3d1f981b7c6f5800faabca327008b81bb80bf80af04d60698a7597a40deb015b8079e052e03ae061e024b0023c1b595606e5bbc08781ab815dc0564e85a714cd19a0366b3bb01bb81c783db017989dd06bf581fdc0a7818f01f7024f0cfebf244dcd76e055c07b8103c4cff262cb93c007812b819d382394340573c02b09c1771f9b5be26eb6ac000781eb81ab08a12c4913310fbc0db803788674c1b7b69c041e00fe9270a1c5d9a0a4d6f4803d8425e741d2cefa4e57be0f7c02b88cb0bd469236ed4ae01ef29af59d6e36f830f08e89b484a46acc006f24ccac52075bd3f234f06784739692d4c856e0ad7433fc5687e07584739792b4216703ef02be4dfa10db6c7912f827c25d29d2739c99ba02cace36e037813f24ecafebbae7012f04ce02be0e2ca4ad8ea45ccd12cef9dd47fa995bdbe520f07642c04bd273f4809702b791ef3697cd9607081ba62775ab9ea48eda09dc089c207d504daaac005f022e6aa9cd2415601678376587dfea10fc106e8f9134b09b70b53475384d3304af6ca5e52475da1cf051d287d2b4cb5d84ed3e922a763561c370ea409a763901fc31de332c556b27702be55ef51d57ee032ede742baab37c6c50ddde4808805afbc179c09b715b4cb56aedf80ab786bd9eba1f22ba85f019267b535744691880f5ba8cb01faef63e70217005b643957cd3ebb41d782d704eea8a64601bf00ac293a4551903b04e7b094f78f6fd0ff6e0c5902a3900ea74013e1e6ab59d8436714b4c650cc0facc1096be6e023e6516f8497c524c750cc0fa6c017e0cdffbb576109e82ad8a3808ea3387037d94ad8483832a6200d667169f8432ca1c9e03ac8e01589f19bcf36194590cc0ea1880f5e9e1fb3e8aed5221dff0fa38d047b35d2ae41b5e27dff71f649b54c8375d52b50c4049d532002555cb00ac533f750532649b54c800ac4f1f07bb04188035320047b35d2a6400d66719584a5d890c2d630056c700accf12b098ba12195a2284a02a6200d667113896ba12193a8e0786ea1880f5390e7c0f673b6b1dc300ac8e01589f65e0107034754532730467c6d53100ebb41f7834752532b2041c0016525744d36500d6e95ee01b78d573e811e09bd81ed53100eb7404b80d7822754532d0271c10be96ba229a3e03b05e9f01f6e1ace728703bf058ea8a68fa0cc07aed076ea1eef35e7dc241e0537820a8920158af3ef0ef84f35fb55a006e229cff53850cc0baed07fe8d7a6f8ddb0f7c04f7444ad59a071e009eadac3c03bc0d270152f5ae0556481f4ad32c9fc70f42974408824f504f087e0fb8b8959693d4793de0e78187491f4e932e4f01efc60f87177066ea0a280bcf12f6c39d045e0e3c3f6d75266609f818f0b7c09389eb222933bb80eb09170852cfd4da2e2bc0adc04bf1c287a4117a8473639f24cc065387569be52ee04a5cfa4a3a8d19e035c01d947351e47ee04d78d557d206cc02af03ee237d786db63c4c08bfb9565b4852d17a840b22f7d0cd99e00a61e677199ef39314e97cc2a6e1a7491f6a1b2dcf101ef7b56702ed21a932e7021f000e923edcc6958383ba9e3b91969054a5b309f7cede419edb649e263cd7efad83ba4a52abe6805702d701df228f73832bc043c0fb08e72cbdd82169a2e6097bea3e44b8a32255f87d9fb0dcbd1cd831d1df589256e901e710aeb27e94708fedb482ef29e006c27ec579bcca2b29911eb01db804f83bc2bebb15da5f1eaf00df26ccf85e3a784d834f9b7246ea0aa838db804b813710ce176e276cac9e199451a1d5e7d46772f4094f681e9605e02b84dbf3fe073fc94e2d320035497384bd7817003b8117106e471b06e230ec1607e569e038e1c93487091fdebe7ff03d499224499224499224491be15560ad67bd3d761bd97b37a9fd79fdf17f65e4dfd9c8bf53850cc072acde6bb77acfddf0eb7a8535ffbdf667acfdb9bd757eeedaff66c49f9b5abb3f7075595ee7bf974794a5555fd7febc513f7bedcf1ff5f30cd5021880dd3443d8703c3f28db075fcf067e64f0bdad83b285b01f6ff87576d5d761b8adfe73e97757f4796e200ecbe2aaaf8b84fd88c3b2001c23dcf77c84b019fbc8aa3f1f1efc5b758c01d82de700bb810b8117113619ef266c329e4958af1a3d013c08ec237c74c03707e5110cc3ce3000f3374308bad7002f032e22dc59b135619df45c4bc0638430fc1ae109da5f24dcd1a28c1980f99a23dcf4ff06c273eef6e0833ebb60893033bc17b809f814f078d21a695d06607e6680bdc0ef121e35b50b3fceb18b9609e706ef253cbaeb3f7146289dd6d9c07b099f6b7182f44f5bb6b4f318af27815b08a7313c572bad327c9ede9b8003a41fb096c986e187081fd86410aa7a7384e5eef5e4f9414396c9947b805fc173bac99d99ba0215db0e5c05bc07f865c23e3cd5e1c709cbe139c2d5e3ef138251536600a6b113f81de08f809fa3fccdc7fa413f4478ef77018780ef1096c89a220370face05fe14b816f8a9c475515acf236c6abf9010828f62084e9501385dbb80bf27ecedfbd1c475511ece241c145f42580e3f88f719ab40f3c0adb8bdc5b27e3948382f2c15e55ce066e024e9079925eff23de06adc2633152e8127ef7ce01f805fc24eadf19e0fbc9af069780fe139c1893200276b17f017c0eb0927bca58df861e067091f32ff0886e0c4188093b303f87de0cd84e7f3494dbc00f869e001c2b9412f8c4c800138195b08577adf4978869fd4d419840dd3f384476c3d91b63a653200dbd7233cc6ea3dc0cf24ae8bbaed4cc25ed1b380bb094fa6568b0cc0f6bd00f86be0527cdc9836ef2ce0858465f0bd84c76c4959ea016fc7bd7e96f6cb01c28333d4226728edda0d7c191f57afc9f81c6147814be196b8046ecf16c26d6e2f495d1115eb3cc2d698bb13d7a3183e85a43daf03ae485d0915ef0f087716a90506603be681dfc3cfeed0e49d4f78949a63b70536623bae002ec15bdd3479b38407265c98ba22253000376f9e70627a47ea8aa80a3dc22cf09ad415298101b87997e2ec4fd3b58df0c0845da92bd27506e0e66c057e9170754e9a961eb08770f0d52618809b731161f6673b6ada7601bf807b4e37c5811b6f06b898702496a6ad4738007b3164130cc0783b089b9e7dd49552b99070f791221980f176126680522af3c08b71191ccd008cd323ecc6f7e8ab9486cb609f3919c9008c334b084097bf4a6d0f6135a20806609c39e027525742226cc1da8563398a8d166716383b752524c26e8417e36a248a011867063b9cf271013e88238a0118c700544ecec5008c6200c699219c079472b013fb631403304e0f8fb8cac70ec27969356400c699c100543ee6b03f463100e3f470c9a17cf480ed389e1bb3c1e21880cacd361ccf8dd960710c40e5662b8ee7c66cb03806a072b305c7736336589c1e5e75535e3c20473000e31880cacdf35357a08b0cc03833d876cacb2cf6c9c66cb038cefe941bfb640403b03997bfca9133c00836581c0350b9f173a9231880cd3903548e0cc00806601c3b9b72639f8c6000c6b1b329378ee5080ee438a996c08bc017803b477c6f16b80a3f287bd20e03ff4a782fd6da0d5c4e9a27b31880110cc0e6529e035c026e05fe71c4f7b6121e8d6e004ed611e03ae0e888ef5d0dbc8a3401e8ded40806609c54edd627cc3c8eadf3bde5e956a74a7d42fb8f7a0f1607df574778c48863bb699494e1e764268203b939b7c148853000e378b4d528ce003bc6008c6367930a6000c6b1dd344aca19a07d32828d16c719a072e3588e60a335d703ce4a5d0965a94fba59a06339828d16c719a072d3c3f1dc980d16c700d4286e82ee1803308eed2615c0811cc776d328ce003bc681dc5c0f97c0ca8f6339828d16c700d428ce003bc60094542d03308e33408de29d201d63a3c5b1dda4023890e3d86e5a8fe7013bc4811cc776d3282e813bc6468b63bb4905702037e73d975a8fcbdf8e7120c7b1dda4023890e3d86e1ac573801d63a3c5b1dda4023890e3d86e52011cc8716c378de245908e71204bed31003bc6008c63bb693d8660873890e3d86e1ac5f0eb1807b2a46a1980716c37a9000ee4e6bc154eeb7109dc310e64a93d0660c7188092aa65004aaa960118c776d3282e813bc6812ca95a06a0d41e67801d63004aede96308768a0118c776930ae04096542d03506a8f8fc4ef181b4d52b50c40a93d2967805e7c8960004aaa960128b5c75958c7188092aa65004aaa960128b5c73b413ac60094542d03506a8fb3bf8e3100bbc74126b5c4008c63086914fb45c7188092aa6500c6f148af51ec171d63004aaa960128b5c71960c7188071ece85a8f7da3430c40a93d865fc71880cd79bb9372649f8c6000c6f1c1971ac5f7a6630c4049d53200e378a4d728ae0c3ac60094542d03308e475b8d62bfe81803308e1d5db9b14f463000e3d8d9a4021880710c408d62bfe81803308e1d5debb16f748801d89c7782683d6e83e9180330ce72ea0a48da3c03308e475b8d62bfe81803308e1d5db9b14f463000e3d8d9344aea7380f6cb860cc038a93bbaa4161880cdf5f12288f2e38131820118c700d4288650c7188071ece81a25e57938fb640403304eca19a01d5da3d82f221880715c026b142f8e758c01d89c174194230330820118e764a2d775af97d663bf886000c6f11ca046f1bde91803308e01a85152be379e9689600036e73940e5c8d323110cc0384b095fdb4e9e2faf02778c0118c725b072e3aa2482011827d50cd0658ed663004630009bebe31258a3a53c401980110cc038293b9b1d5da32ce3c1b13103b0b93eb098f8f5a5b5ec17110cc03829cf013a03d428294fcb74960118c719a0d693eafd7926e16b779601d85cca2570ea0b30ca97fd2282011827e5096797c0794bd52f52ae4a3acb008c936a1698fa028cc64b19802e811b3200e3a40c40973a1ae53806606306609c65d205e0f104afab8d4b15420b895eb7d30cc0387dd274380350eb398633c0c60cc038cba409a23ea1a32b5f2942681903308a011867d8e1a66d09389ae07595b72378712c8a01186799344174182f82e42ec52cec100660140330ce22218ca6a90fec9bf26baa1bf6e145902806609ce3c043537ecd65e0b629bfa69a9bf60c7d11b89db00c564306609ce3c0578047a6f89a87804f4ff1f514e73f98eedd3a5f03be884be02806609c3e7037f071a6d7d9df0f3c3ea5d752bc7f06fe7b4aafb5087c024f8d443300e31d016e201c7d27ed33c047a6f03adabca3c09f008f4de1b5be00fc179eff534257035f075680675b2e2bc0fdc0c58c3f586d056e9c401d2ccf2df703dbc7bc1733847ef1dd09d561d82fde38a61ed2c4f5805f03eea1dd103c09dc075c05cc6ea01e06603e0108b005780b708076fbc50af0c0e067cf6ca01ed2545c01dc029c60f39dfc29e05642f8cd6df0f50dc0bc0210601bf0dbc05db4d32f4e009f271c700d3f65670fe162c5fdc41df54f02ff07fc0d7009cd3ab901985f004238805d067c90f8d9e07035f07ec2e910b5c4a348bbbe01fc397033f06ae0358450dc3ae6df3d017c15f82ce1a2cadd947bcfef12eb6fd99865e333deae58245cc4da07dc04bc96d02f2e60fcf85b206c73f95f4ef58d52fb451267a4ae40a17a84e5cff9c079c06ee085c04ec2b9a1e1bdc48f1166140f12f6143e42fc7eaeadc0bf90ff89f18f031f66f495cb5f05ae9d6e751adb07bc82f85b21cf21f48bf381170dbece13fac5f029438708e7f9f671aa5ff8b08309700638197dc200b99b30b3db3228739cba9a3b7ca6e0026156544be77e9430231a75e7c2de29d72585c707e54ec2416b8e30f31d8ec561bf388e0f399d380370f2864775f76a69b5540fd4d02a6e8496542d035052b50c4049d532002555cb0094542d035052b50c4049d532002555cb0094542d035052b50c4049d532002555cb0094542d035052b50c4049d532002555cb0094542d035052b50c4049d532002555cb0094542d035052b50c4049d532002555cb0094542d035052b50c4049d532002555cb0094542d035052b50c4049d532002555cb0094542d035052b50c4049d532002555cb0094542d035052b50c4049d532002555cb0094542d035052b50c4049d532002555cb0094542d035052b50cc0b2f4535740ea12035052b50c4049d532002555cb0094542d035052b50c4049d532002555cb0094542d035052b50c4049d532002555cb0094542d035052b50cc0b2f83418a901035052b50c4049d532002555cb0094542d035052b50cc0b27815586ac00094542d035052b50c4049d532002555cb002c8b1741a4060c40a9190f320531002555cb0094542d03b02c2ecfa4060c4049d532002555cb0094542d0350d3e6794a65c30094542d035052b50cc0b2b8bc941a30002555cb0094542d035052b50cc0b2780e506ac000949af1205310035052b50cc072f47176223562002a05835a5930002555cb002c8b332ba901035052b50c4049d532002555cb002c8be700a5060c4049d53200cbe20c506ac000949af1205310035052b50cc0b2383b911a3000356d86b4b2610096c570911a30002555cb002c8b33c0c9b38d0b62004aaa960158166727520306a0a6cd47f72b1b0660590c96c9b38d0b62004aaa96015816672793671b17c4002c8703536ac8002c8b213879b671410c4049d53200cbd285d94917ea783a5dafbf5631002555cb002c4b5766275da9e7285daebbd63000a5e60cc14218806571604e9e6d5c1003b02c5d189c5da8a32a61002a275d08c72ed4511b640096652575052a600016c4002c4b1706a78fc352360cc0b294102cb9ff0eb9d74f0d188065e9c2e0ec421d4fa7ebf5d72a0660395c5a4e876d5c100350d376baa036c435550660590c8fc95b4e5d01b5c7002c4bd703b00bf5ef421db541066059ba3038c72d7373ff1d72af9f1a3000cbe2e09c3ccf5316c4002c4b1706e6e9ee56e942fdbb50476d9001a8dce41e30b9d74f0d188065e9c2e01cb70d26775da8a336c8002c4b098333f7dfc16d30053100cb927b7840f767800660410cc072f4e9c6e01cb70526f710ccbd7e6ac0002c4b1706671742ee7496e976fdb58a015896ae0fcc2e84631766d9da2003b02cb987c73806a0a6ca002c4beee1b191dbe072ff1d0cc082188065c97d70961280b9d7511b640096a50b03b3840054210cc0b2e43e384b98012ea5ae80da630096a30be131ae8e5d585e9e485d01b5c7002c8b33c0c95b22ff3a6a830cc0b2743d0097c9ff7770095c1003b02cb9cf4cc62d710d404d95015896dcc363dcfdca5d08c045f23fd068830cc072f4c97f7652c212f878ea0aa83d066059720f8f7101b734e6fb39388e33c062188065c93d3c361280b9cf629d0116c4002c4fce2138ee1c60170270016780c53000cb92fb4351c7cd0017c93b00bb10d06ac0002c4bee1742c605c8e2a0e4cad95f610cc0b2188093758cbc67d86ac8002c4fce01b8cce9ebb740de17198e9177fbaa2103b02ccbe41d20c7397dfd16082193abc338032c8a0158963ef907e0c269bebf0c1c25df65f0619c0116c5002ccb12214072758cf133bc6f73fa904ce910f986b3221880655900ee4d5d89752c1102e4c898bff728f986f8b730008b620096e528701b799e477b8c50b77101f22061a9999b4542381b80053100cbb20c7c15f842ea8aacb104dc097c66037f77ffa0e476b1613ff038ee032c8a01589efdc08de4358b7a1cf800e397bf106658379157fd2104f823a92b2169bc79e07ac2e7573c9bb83c0dbc8b6607db39e0a3c0c90ceaff2cf010704dc3df4152421703379336444e023700b311f5df097c1e584958ff15e000f04e604bc4ef2029a1cb812f9126444e02b700e76ca2fe17122e9ca4a8ff0ae1aaafe12775d895c0ed4c373c4e009f04f6b2b965630f78392148a73d933d00bc03c34feabc4b09cbe169cca49e222c7b2f01665aa8fb0c21046f249c4f9c46f83d0c5c8be12715632f701df05d26171c0781f70217d0ee05831960cfa0fedf9960fd5780cf02571377de5252a67ac00ee04d848b0b6d2e294f0e7ee635c0d953a8ffed2dd77f18de7f055c443b335749199a215c617d0b701ff141b232f8b7b701bf4e08a76904c7ece0b57e835317786297f6c3abbcef232cd9b7e05697aa9c91ba024a6a0eb80cf82de095847099e1b921307cccfe326193f221c2dd2677009f23eddd113de03cc2eff00ac232799ef07bf418fd7b2c10368b7f9950ff3bf1f6b66a19801ada41d876720eb0951084c3e70b1e2604dd21f2bccf78b52dc076601ba7cee30d7f8fa384fa7b3b9b244992244992244992244992244992244992244992244992f2f3ff332da5bb4e747e2a0000000049454e44ae426082, 'admin', '2023-11-23 15:49:45', 0, 0, ''),
(40, 'Christian Yves', 'Conanan', 'yvesconanan07@gmail.com', 'Yves', '09984132123', '47234f4683e34a537fe0a43134065fe286', 1, '9550cd7d09b0dde7d17b931ea88c14f8', 0x89504e470d0a1a0a0000000d4948445200000140000001c4080600000048b1f3640000180449444154789ceddd6f8ca55741c7f16f6fa7c3b0aeeb5ad6b1ae6b539b5297a5aea50122480a166c9a5a9a429418236a6a448284a01283f1cf0b8c4125a612f50569081a2c444d8301b1945afed89442a195424bb7a4dd966e77296559b6dbe9767676e6d617e7deec74b8b3779e33cfbde73ce77c3fc9c96c3bbb73cf9c7bceef39e779cef35c902449922449922449922449922449922449922449922449cac819a92ba0aacc00dbd69419e0d89ab298aa82aa8b01a849e901e70297002f1b7c3d1f981b7c6f5800faabca327008b81bb80bf80af04d60698a7597a40deb015b8079e052e03ae061e024b0023c1b595606e5bbc08781ab815dc0564e85a714cd19a0366b3bb01bb81c783db017989dd06bf581fdc0a7818f01f7024f0cfebf244dcd76e055c07b8103c4cff262cb93c007812b819d382394340573c02b09c1771f9b5be26eb6ac000781eb81ab08a12c4913310fbc0db803788674c1b7b69c041e00fe9270a1c5d9a0a4d6f4803d8425e741d2cefa4e57be0f7c02b88cb0bd469236ed4ae01ef29af59d6e36f830f08e89b484a46acc006f24ccac52075bd3f234f06784739692d4c856e0ad7433fc5687e07584739792b4216703ef02be4dfa10db6c7912f827c25d29d2739c99ba02cace36e037813f24ecafebbae7012f04ce02be0e2ca4ad8ea45ccd12cef9dd47fa995bdbe520f07642c04bd273f4809702b791ef3697cd9607081ba62775ab9ea48eda09dc089c207d504daaac005f022e6aa9cd2415601678376587dfea10fc106e8f9134b09b70b53475384d3304af6ca5e52475da1cf051d287d2b4cb5d84ed3e922a763561c370ea409a763901fc31de332c556b27702be55ef51d57ee032ede742baab37c6c50ddde4808805afbc179c09b715b4cb56aedf80ab786bd9eba1f22ba85f019267b535744691880f5ba8cb01faef63e70217005b643957cd3ebb41d782d704eea8a64601bf00ac293a4551903b04e7b094f78f6fd0ff6e0c5902a3900ea74013e1e6ab59d8436714b4c650cc0facc1096be6e023e6516f8497c524c750cc0fa6c017e0cdffbb576109e82ad8a3808ea3387037d94ad8483832a6200d667169f8432ca1c9e03ac8e01589f19bcf36194590cc0ea1880f5e9e1fb3e8aed5221dff0fa38d047b35d2ae41b5e27dff71f649b54c8375d52b50c4049d532002555cb00ac533f750532649b54c800ac4f1f07bb04188035320047b35d2a6400d66719584a5d890c2d630056c700accf12b098ba12195a2284a02a6200d667113896ba12193a8e0786ea1880f5390e7c0f673b6b1dc300ac8e01589f65e0107034754532730467c6d53100ebb41f7834752532b2041c0016525744d36500d6e95ee01b78d573e811e09bd81ed53100eb7404b80d7822754532d0271c10be96ba229a3e03b05e9f01f6e1ace728703bf058ea8a68fa0cc07aed076ea1eef35e7dc241e0537820a8920158af3ef0ef84f35fb55a006e229cff53850cc0baed07fe8d7a6f8ddb0f7c04f7444ad59a071e009eadac3c03bc0d270152f5ae0556481f4ad32c9fc70f42974408824f504f087e0fb8b8959693d4793de0e78187491f4e932e4f01efc60f87177066ea0a280bcf12f6c39d045e0e3c3f6d75266609f818f0b7c09389eb222933bb80eb09170852cfd4da2e2bc0adc04bf1c287a4117a8473639f24cc065387569be52ee04a5cfa4a3a8d19e035c01d947351e47ee04d78d557d206cc02af03ee237d786db63c4c08bfb9565b4852d17a840b22f7d0cd99e00a61e677199ef39314e97cc2a6e1a7491f6a1b2dcf101ef7b56702ed21a932e7021f000e923edcc6958383ba9e3b91969054a5b309f7cede419edb649e263cd7efad83ba4a52abe6805702d701df228f73832bc043c0fb08e72cbdd82169a2e6097bea3e44b8a32255f87d9fb0dcbd1cd831d1df589256e901e710aeb27e94708fedb482ef29e006c27ec579bcca2b29911eb01db804f83bc2bebb15da5f1eaf00df26ccf85e3a784d834f9b7246ea0aa838db804b813710ce176e276cac9e199451a1d5e7d46772f4094f681e9605e02b84dbf3fe073fc94e2d320035497384bd7817003b8117106e471b06e230ec1607e569e038e1c93487091fdebe7ff03d499224499224499224491be15560ad67bd3d761bd97b37a9fd79fdf17f65e4dfd9c8bf53850cc072acde6bb77acfddf0eb7a8535ffbdf667acfdb9bd757eeedaff66c49f9b5abb3f7075595ee7bf974794a5555fd7febc513f7bedcf1ff5f30cd5021880dd3443d8703c3f28db075fcf067e64f0bdad83b285b01f6ff87576d5d761b8adfe73e97757f4796e200ecbe2aaaf8b84fd88c3b2001c23dcf77c84b019fbc8aa3f1f1efc5b758c01d82de700bb810b8117113619ef266c329e4958af1a3d013c08ec237c74c03707e5110cc3ce3000f3374308bad7002f032e22dc59b135619df45c4bc0638430fc1ae109da5f24dcd1a28c1980f99a23dcf4ff06c273eef6e0833ebb60893033bc17b809f814f078d21a695d06607e6680bdc0ef121e35b50b3fceb18b9609e706ef253cbaeb3f7146289dd6d9c07b099f6b7182f44f5bb6b4f318af27815b08a7313c572bad327c9ede9b8003a41fb096c986e187081fd86410aa7a7384e5eef5e4f9414396c9947b805fc173bac99d99ba0215db0e5c05bc07f865c23e3cd5e1c709cbe139c2d5e3ef138251536600a6b113f81de08f809fa3fccdc7fa413f4478ef77018780ef1096c89a220370face05fe14b816f8a9c475515acf236c6abf9010828f62084e9501385dbb80bf27ecedfbd1c475511ece241c145f42580e3f88f719ab40f3c0adb8bdc5b27e3948382f2c15e55ce066e024e9079925eff23de06adc2633152e8127ef7ce01f805fc24eadf19e0fbc9af069780fe139c1893200276b17f017c0eb0927bca58df861e067091f32ff0886e0c4188093b303f87de0cd84e7f3494dbc00f869e001c2b9412f8c4c800138195b08577adf4978869fd4d419840dd3f384476c3d91b63a653200dbd7233cc6ea3dc0cf24ae8bbaed4cc25ed1b380bb094fa6568b0cc0f6bd00f86be0527cdc9836ef2ce0858465f0bd84c76c4959ea016fc7bd7e96f6cb01c28333d4226728edda0d7c191f57afc9f81c6147814be196b8046ecf16c26d6e2f495d1115eb3cc2d698bb13d7a3183e85a43daf03ae485d0915ef0f087716a90506603be681dfc3cfeed0e49d4f78949a63b70536623bae002ec15bdd3479b38407265c98ba22253000376f9e70627a47ea8aa80a3dc22cf09ad415298101b87997e2ec4fd3b58df0c0845da92bd27506e0e66c057e9170754e9a961eb08770f0d52618809b731161f6673b6ada7601bf807b4e37c5811b6f06b898702496a6ad4738007b3164130cc0783b089b9e7dd49552b99070f791221980f176126680522af3c08b71191ccd008cd323ecc6f7e8ab9486cb609f3919c9008c334b084097bf4a6d0f6135a20806609c39e027525742226cc1da8563398a8d166716383b752524c26e8417e36a248a011867063b9cf271013e88238a0118c700544ecec5008c6200c699219c079472b013fb631403304e0f8fb8cac70ec27969356400c699c100543ee6b03f463100e3f470c9a17cf480ed389e1bb3c1e21880cacd361ccf8dd960710c40e5662b8ee7c66cb03806a072b305c7736336589c1e5e75535e3c20473000e31880cacdf35357a08b0cc03833d876cacb2cf6c9c66cb038cefe941bfb640403b03997bfca9133c00836581c0350b9f173a9231880cd3903548e0cc00806601c3b9b72639f8c6000c6b1b329378ee5080ee438a996c08bc017803b477c6f16b80a3f287bd20e03ff4a782fd6da0d5c4e9a27b31880110cc0e6529e035c026e05fe71c4f7b6121e8d6e004ed611e03ae0e888ef5d0dbc8a3401e8ded40806609c54edd627cc3c8eadf3bde5e956a74a7d42fb8f7a0f1607df574778c48863bb699494e1e764268203b939b7c148853000e378b4d528ce003bc6008c6367930a6000c6b1dd344aca19a07d32828d16c719a072e3588e60a335d703ce4a5d0965a94fba59a06339828d16c719a072d3c3f1dc980d16c700d4286e82ee1803308eed2615c0811cc776d328ce003bc681dc5c0f97c0ca8f6339828d16c700d428ce003bc60094542d03308e33408de29d201d63a3c5b1dda4023890e3d86e5a8fe7013bc4811cc776d3282e813bc6468b63bb4905702037e73d975a8fcbdf8e7120c7b1dda4023890e3d86e1ac573801d63a3c5b1dda4023890e3d86e52011cc8716c378de245908e71204bed31003bc6008c63bb693d8660873890e3d86e1ac5f0eb1807b2a46a1980716c37a9000ee4e6bc154eeb7109dc310e64a93d0660c7188092aa65004aaa960118c776d3282e813bc6812ca95a06a0d41e67801d63004aede96308768a0118c776930ae04096542d03506a8f8fc4ef181b4d52b50c40a93d2967805e7c8960004aaa960128b5c75958c7188092aa65004aaa960128b5c73b413ac60094542d03506a8fb3bf8e3100bbc74126b5c4008c63086914fb45c7188092aa6500c6f148af51ec171d63004aaa960128b5c71960c7188071ece85a8f7da3430c40a93d865fc71880cd79bb9372649f8c6000c6f1c1971ac5f7a6630c4049d53200e378a4d728ae0c3ac60094542d03308e475b8d62bfe81803308e1d5db9b14f463000e3d8d9a4021880710c408d62bfe81803308e1d5debb16f748801d89c7782683d6e83e9180330ce72ea0a48da3c03308e475b8d62bfe81803308e1d5db9b14f463000e3d8d9344aea7380f6cb860cc038a93bbaa4161880cdf5f12288f2e38131820118c700d4288650c7188071ece81a25e57938fb640403304eca19a01d5da3d82f221880715c026b142f8e758c01d89c174194230330820118e764a2d775af97d663bf886000c6f11ca046f1bde91803308e01a85152be379e9689600036e73940e5c8d323110cc0384b095fdb4e9e2faf02778c0118c725b072e3aa2482011827d50cd0658ed663004630009bebe31258a3a53c401980110cc038293b9b1d5da32ce3c1b13103b0b93eb098f8f5a5b5ec17110cc03829cf013a03d428294fcb74960118c719a0d693eafd7926e16b779601d85cca2570ea0b30ca97fd2282011827e5096797c0794bd52f52ae4a3acb008c936a1698fa028cc64b19802e811b3200e3a40c40973a1ae53806606306609c65d205e0f104afab8d4b15420b895eb7d30cc0387dd274380350eb398633c0c60cc038cba409a23ea1a32b5f2942681903308a011867d8e1a66d09389ae07595b72378712c8a01186799344174182f82e42ec52cec100660140330ce22218ca6a90fec9bf26baa1bf6e145902806609ce3c043537ecd65e0b629bfa69a9bf60c7d11b89db00c564306609ce3c0578047a6f89a87804f4ff1f514e73f98eedd3a5f03be884be02806609c3e7037f071a6d7d9df0f3c3ea5d752bc7f06fe7b4aafb5087c024f8d443300e31d016e201c7d27ed33c047a6f03adabca3c09f008f4de1b5be00fc179eff534257035f075680675b2e2bc0fdc0c58c3f586d056e9c401d2ccf2df703dbc7bc1733847ef1dd09d561d82fde38a61ed2c4f5805f03eea1dd103c09dc075c05cc6ea01e06603e0108b005780b708076fbc50af0c0e067cf6ca01ed2545c01dc029c60f39dfc29e05642f8cd6df0f50dc0bc0210601bf0dbc05db4d32f4e009f271c700d3f65670fe162c5fdc41df54f02ff07fc0d7009cd3ab901985f004238805d067c90f8d9e07035f07ec2e910b5c4a348bbbe01fc397033f06ae0358450dc3ae6df3d017c15f82ce1a2cadd947bcfef12eb6fd99865e333deae58245cc4da07dc04bc96d02f2e60fcf85b206c73f95f4ef58d52fb451267a4ae40a17a84e5cff9c079c06ee085c04ec2b9a1e1bdc48f1166140f12f6143e42fc7eaeadc0bf90ff89f18f031f66f495cb5f05ae9d6e751adb07bc82f85b21cf21f48bf381170dbece13fac5f029438708e7f9f671aa5ff8b08309700638197dc200b99b30b3db3228739cba9a3b7ca6e0026156544be77e9430231a75e7c2de29d72585c707e54ec2416b8e30f31d8ec561bf388e0f399d380370f2864775f76a69b5540fd4d02a6e8496542d035052b50c4049d532002555cb0094542d035052b50c4049d532002555cb0094542d035052b50c4049d532002555cb0094542d035052b50c4049d532002555cb0094542d035052b50c4049d532002555cb0094542d035052b50c4049d532002555cb0094542d035052b50c4049d532002555cb0094542d035052b50c4049d532002555cb0094542d035052b50c4049d532002555cb0094542d035052b50c4049d532002555cb0094542d035052b50c4049d532002555cb0094542d035052b50cc0b2f4535740ea12035052b50c4049d532002555cb0094542d035052b50c4049d532002555cb0094542d035052b50c4049d532002555cb0094542d035052b50cc0b2f83418a901035052b50c4049d532002555cb0094542d035052b50cc0b27815586ac00094542d035052b50c4049d532002555cb002c8b1741a4060c40a9190f320531002555cb0094542d03b02c2ecfa4060c4049d532002555cb0094542d0350d3e6794a65c30094542d035052b50cc0b2b8bc941a30002555cb0094542d035052b50cc0b2780e506ac000949af1205310035052b50cc072f47176223562002a05835a5930002555cb002c8b332ba901035052b50c4049d532002555cb002c8be700a5060c4049d53200cbe20c506ac000949af1205310035052b50cc0b2383b911a3000356d86b4b2610096c570911a30002555cb002c8b33c0c9b38d0b62004aaa960158166727520306a0a6cd47f72b1b0660590c96c9b38d0b62004aaa96015816672793671b17c4002c8703536ac8002c8b213879b671410c4049d53200cbd285d94917ea783a5dafbf5631002555cb002c4b5766275da9e7285daebbd63000a5e60cc14218806571604e9e6d5c1003b02c5d189c5da8a32a61002a275d08c72ed4511b640096652575052a600016c4002c4b1706a78fc352360cc0b294102cb9ff0eb9d74f0d188065e9c2e0ec421d4fa7ebf5d72a0660395c5a4e876d5c100350d376baa036c435550660590c8fc95b4e5d01b5c7002c4bd703b00bf5ef421db541066059ba3038c72d7373ff1d72af9f1a3000cbe2e09c3ccf5316c4002c4b1706e6e9ee56e942fdbb50476d9001a8dce41e30b9d74f0d188065e9c2e01cb70d26775da8a336c8002c4b098333f7dfc16d30053100cb927b7840f767800660410cc072f4e9c6e01cb70526f710ccbd7e6ac0002c4b1706671742ee7496e976fdb58a015896ae0fcc2e84631766d9da2003b02cb987c73806a0a6ca002c4beee1b191dbe072ff1d0cc082188065c97d70961280b9d7511b640096a50b03b3840054210cc0b2e43e384b98012ea5ae80da630096a30be131ae8e5d585e9e485d01b5c7002c8b33c0c95b22ff3a6a830cc0b2743d0097c9ff7770095c1003b02cb9cf4cc62d710d404d95015896dcc363dcfdca5d08c045f23fd068830cc072f4c97f7652c212f878ea0aa83d066059720f8f7101b734e6fb39388e33c062188065c93d3c361280b9cf629d0116c4002c4fce2138ee1c60170270016780c53000cb92fb4351c7cd0017c93b00bb10d06ac0002c4bee1742c605c8e2a0e4cad95f610cc0b2188093758cbc67d86ac8002c4fce01b8cce9ebb740de17198e9177fbaa2103b02ccbe41d20c7397dfd16082193abc338032c8a0158963ef907e0c269bebf0c1c25df65f0619c0116c5002ccb12214072758cf133bc6f73fa904ce910f986b3221880655900ee4d5d89752c1102e4c898bff728f986f8b730008b620096e528701b799e477b8c50b77101f22061a9999b4542381b80053100cbb20c7c15f842ea8aacb104dc097c66037f77ffa0e476b1613ff038ee032c8a01589efdc08de4358b7a1cf800e397bf106658379157fd2104f823a92b2169bc79e07ac2e7573c9bb83c0dbc8b6607db39e0a3c0c90ceaff2cf010704dc3df4152421703379336444e023700b311f5df097c1e584958ff15e000f04e604bc4ef2029a1cb812f9126444e02b700e76ca2fe17122e9ca4a8ff0ae1aaafe12775d895c0ed4c373c4e009f04f6b2b965630f78392148a73d933d00bc03c34feabc4b09cbe169cca49e222c7b2f01665aa8fb0c21046f249c4f9c46f83d0c5c8be12715632f701df05d26171c0781f70217d0ee05831960cfa0fedf9960fd5780cf02571377de5252a67ac00ee04d848b0b6d2e294f0e7ee635c0d953a8ffed2dd77f18de7f055c443b335749199a215c617d0b701ff141b232f8b7b701bf4e08a76904c7ece0b57e835317786297f6c3abbcef232cd9b7e05697aa9c91ba024a6a0eb80cf82de095847099e1b921307cccfe326193f221c2dd2677009f23eddd113de03cc2eff00ac232799ef07bf418fd7b2c10368b7f9950ff3bf1f6b66a19801ada41d876720eb0951084c3e70b1e2604dd21f2bccf78b52dc076601ba7cee30d7f8fa384fa7b3b9b244992244992244992244992244992244992244992244992f2f3ff332da5bb4e747e2a0000000049454e44ae426082, 'parent', '2023-11-23 15:59:14', 0, 0, '');
INSERT INTO `usertable` (`userid`, `firstname`, `lastname`, `user_email`, `username`, `phonenumber`, `token_verified`, `status_verified`, `password`, `image`, `usertype`, `datecreated`, `is_notified`, `code`, `status`) VALUES
(41, 'belly', 'bush', 'bbush@gmail.com', 'hebi', '09984143232', '9550cd7d09b0dde7d17b931ea88c14f8', 1, 'e10adc3949ba59abbe56e057f20f883e', 0x89504e470d0a1a0a0000000d49484452000002a4000001ac08060000000bfdb559000000017352474200aece1ce90000000467414d410000b18f0bfc61050000000970485973000012740000127401de661f7800006ea249444154785eeddd0d5c5455c23ff01fafa2996159826989f906d90b6cb68ad5b362d4236cad62eaa64f65ab69861a86b6ff94da9e166b373535254bb3d7d5360d74eb11b72cac2da1ccc0524103c5d2821203cd9791b7f99f73efb9c39d616618101d81dfb7cf69ee3df765eebd3332bf39e7de3b3ebffcf28b1544444444445ee2ab1e8988888888bc82819488888888bc8a5df61eb05a7988888888a875f2f1f15143ded3e65b4865d86ca810111111b556ceb28f6339dbda5c0b69630eeab9780188888888ce078d69296dee56d53611483d0996eee66130252222a2d6ca5db8f424783647386df581b43141d3d5bc0ca4444444d45ab90a948ef5671a5cdd69b581d4d370e949286520252222a2d6ca59986c288cba0aa04d0da6ad32907a12463d1976e46e1a111111514be22e3c9aa779326ce66ebdaeb48940ea6adcf1d1cc5ce76a79222222a296c631303614328d3ac7474343e39e687581d45d786c68d8d5a3e46a98888888a82531074667c3ae1e254f8625c7f186b4aa40ea1814dd8548635c3eba1a76f6289987898888885a126741d2d9a3ab6133f3b8bb690d691381d45998343f1ac5d5b8f991888888a8b5700c9af2d128aec6cd8f92b33ac971dc1d9feddbb7b79aa4e5181acde3e660e9586fae731c3638ab232222223adfc9ece22a2c9aebcd758ec3c6b8e438dd601e961cc7ddf1111bd92a129679371c878d7163d8b1aeb6b6d65627878d7aa318e3e647222222a2964066175761d178f4f5f5d5869d8d9bebddd5195c0dbbd3aa03a9f9d1559101d431909aa73b16637d444444442d91639094c508a08e8fe661c765ccc598667e94ccc3eeb4da406a8c1bc38ec5089e3535355a31c61d03aa6331d649444444d4129983a32ce6102a8b9f9f9f6dd898e64931afd3601e76a7d50552f3a3e3b0518cd02983687575b5edd1a86720252222a2d6c09c59cca1d178348a398cfafbfb6bc518770ca5ce42aa797dc6b0f9b121ad22909a77410e1be3c6b063318751599e79e6196d7e222222a2b6ee91471e41404080164acdada546e07416488d22998725f3b02bad3690ba2b3290ca205a5555a595f9f3e763d1a2456a0d444444446dd3cc9933317dfa74040606da855223641a61d45d28358ac13cec8aaf7a6c1564d874c531941a45b6941211111191ceb8b6c65c9c6528595c7137cd9956154825c703e078c0e4b0e34126222222229d0ca44669288c9a870d8ee39e68758154320e8e7140cce3e6c2404a44444464cf1c448dac648c3b2b92e37863b5ca406ae6ec40c9623eb044444444a4338750a3983394e4387ca65a7520753c68cec68d3a22222222b20fa48e99c92892e3f099683581d4f140b83a4072dc28c6c126222222229d3923993393316c1483316cae931cc7dd69b5e7909ac971778588888888748e41d45918351733c7714fb5f8406ade71c703e3eca018f3984b7379efa3cff0db673fc48f25a5aa86888888a86591d9a8a120eac85ce7388fb3f91db5898b9accc5e0ac8e888888a8ad336724c7627055df54ad3690ba3a388e07d0d57c444444446d51435df4b238e3aade13adbe85d4ccd9813a938347444444d4da18a1d35c1c39ab3b13ad3a903a3b98e6612222223aff7cf5d5578d2a2d99fc9d774ff641cee3c96fc237077376323293a7754dd5a65a485b924d537cb4379ead4cd9a4a6b43cf5f6c5c3fd295a3244cd3f05cdb5f7dab638796ead7ec81214a97183797e7d3fce6c5bb47d3adf5ecb4d53c47e0dc112c79d3768d3e5beeb6588cb190587795bf2fb9688bceb37bff98d47a5a5dbbe7d3b6eb8e106b7a1544e93f3c8795b2b06d2f34e11960cf1411c32edbe7564467c5b2f2cb92443819370e55593cdfb9389c92be2dc079ba225b82f09585c28e77f09c355f5991a3e6232b0628343a82cc2b7bbc443f65a6cb4db24bd7ef208fdd987bfd4bcdb727e10efb7d4156ad8b94d1b804cd36b3720a90f9ce74cb1ae0d11286ccceb4c44d4c6c950ed2e949ac3686b08e0ae309036d1b15f8f63cf7725f8b2603f8e1efb55d5dafbb1f467e47efb1d8a0efd84caca4a55db80a28d589b1d8dc5b3ed63cff0871f466f35dcf20dc7ecc5d122ff6d6c20340f40dfe6dee93e1188c62e7c6b7e6275cca3a3b3915fa8ea24551fd1478db742454bee43d280c91031dda5e12f9943f870e899de5922ed8d875f32bf4f3d7d9d8988da3657a1b4ad84518981b4892aab6b505ad31e1f94f86167f18f28af38aaa6e87e3a5c866dfb7f46ce117f1c43106a6a3dfc45a8de7d450c7308464ed47567cb52d7ddaa752bc7ad00b293d0c7d665ba09531cbb648b966088a9fb592e275bb2ecd67bb65b5907f4751ab2b56de893248ec20ac4d9f64167bfdff6d3c454ad7579ca26b9bf72ba93eef5def1182382e75a535368d1c6b5c89e9c8294010e41ab301fd9d16310af36d238463ae3b9f4477d7bea777bebddfcaa88e3e9ec6575b74fdaf276fba8ef9bb94a5bdea8b0eb3277d30d2f69add00390f9d20855e1b9680f537aefbee2a0121151831c43695b0aa31203691375ecd01e9704f9604fe9afc83adc0ebbbefb09a76bacb08a437ad2721ad9fb8f606b79104aca4fe08ae020040604a8251ba2b72aad88737dae9e0c207dd68ea9eb1acd1c80a43e7af8d2ba9533278bc4b0589ffe92e71dccd9497d701f5e57ddad85580c116aedc2503331bae31d5a810dbd1fde0a6be1624463b2de55acf641db6f19a08cfd96dbb82bce21b001bb523720c265577f6fc48f8946b629f117e6676b014bebcedf55776ac4a60d22d8bb08cd861571f701afebdb9339391b49f7d585781926e376a9d74196947cc42565aba9ba86f6c9719b64ffb9ec60370767b9fdda6905f24b46dc2e759a83289963d41cce88202d5e8401998d3c054104deb8159391f2b0674dd79e1c4322f25cdd174ecf0ab52ce650da96c2a8c440da4441ed02d1fbe2203c31ac078e9eb460d3c15ae4565e82cac08ef8e06035de3f5883cb3bfae1818197e1e20e01f0f3f3534b36cc086422656a7f50ec83e926cc9761ee7553d7e8f0d9581cbd024e7b511b637226b6da82466f3cfcba08852b52ddb7b2796a850859c61f492dc36d8587994651fb5d680e50c6363a9c133a66b6db756bad76b6653661c38a688c91cda0c34760b2ed3c52595f77fea82bd18b5fb73dd7f0d9625bb2f3552ba8be5efbd7e925115ad5b0c6837d92a71898ce6d95016ff26231dd1652f5e7a96bb0349de630fc6197c761d3943e481a9009cfbeaf182dcea2a4ca73443d0bb1326ccbf09ad9882f4544e49efec5d5f342d452346f20adb6a060fd424cbaad173a3f94a12a5dcb9a1385cea1e3b1ea90aa689005a59fad424a4214426316a240d536c6776f4cc0b511b178d6bea1ca23d3a64d436262a25666cc9881e7962c41d5f1a3b8ebea8b71d9451df04d590d2a6b7df0d90fa73124ec62dcd4a303be3bf01d929393317dfa74dbb24671abf7c3d82affa08804235b2eebba64650b59b6c8aa2a206845848b26ec8fa37addb0dae903ae98428a561ab8fadc765153a6087d4998ef766627b4fd76724ea9b68df6e7840e68e8c453193cc5dab4002fd76beb96ef8308e33cd2a26fc55a27a3813ceae4b9d4b668cbd7dfde3e11d16a48f0649fd429067a83ae0c9f629b1e16d38d906ade7e6d5efd3407b70ddbb29553b6dc7a1c1487e325e303ee75e03eb1fe862e5492adc37acb6f235b608988da307337bdb9fbbe2d68d6405a71a018082a41eee66254a8ba6625d65fd24586de3c78e3d7e2e59ba26bd7ae88888840fffefdd1bd5b287ead3882eec1ed31a467307edbe342add57448cf8b30500c5fd8ce0fb5a74fa26fdfbe080f0fd7969345ae23373757adb501c35fd2bbafed5a2a5557b64339b70d51a690a2154f8387584e84ec15716776fba433a35f98b34b24be227919bdad4b59efce97dde1da79a5d11122a236913cff540d9e99ba6dd242aeb64d72fbf5902ab73f7a4cbc6dfb1fde2a5e0bf17ed915e7ea4b42917e55bd718eb156e2eabee434748a86fca2a47d499aefe2f5d3cfa9d5ef12c1304a44e429c773461dcf296ded9a359006f70e47f8f06898da80dc8a793a17e525ab31b1bbaa6848cf7044f68f41f45035de0457defb1abec9df8c473ddd480709090978f0c1073165ca14fccfb87188ba76002eee18a49d277a574467c45f5e8b3bc32f46707b7f74bba4136e1a341093264dc2f0e1c371ebadb118356a94b68e46315fe8e4ec2af1a6701298cce7556a5cb5e09d29758a416a63ce0570b5df2e5a221b225b2ab3d7cec7fcb5eafc4bc5e8ce9f2fcf2bb505bd2670b1bdf27c4f1b0ff7a977fc18ad8b7e9308c950db24cf2d5db16109368aedafd74aabb5ae17ba38c62ab4da7d99c8145f71a2f5734fcff05b8d712ac099ae8788a82d710ca386b6144a790ee919f2f5f5453b3f1f5c18e88bae41568c1bd40b17f8d6a093186fefefabb540555555e1ff366ec45bff7c0bdbbf6aa065545e98e2d04a55b424550443d57d2cc2468abc78465dc4a42bc292290e57c4dbce6594f4aee8245b3ff9264c9157e23b5a1167eaead5e7895e3cfb2cb472895094225bd9eef3fcfc5457fbad5f1dd5e86dd4425ef60aac70bcad93eace5f619c57da54c6f69a2e72d2bacacd87ddd37d925f48b2931027aa6ddb24c3ecaeb5589b6d3aad40acdfb181b3c1d3179cd1eec0605ca1bf094bec5e2487f785795e319c2acf9b7571b11a1111d5e72a8c1ada4a2865206d26227bc2dfdf4fbbdf68bb007f0488906a080808c01fc78ed55a556f1a3244d5ba20c387f90220511ccfc59357d2674e56b744d24a1fac8d30b5e6a916c8ba5b26c95631fd26e5fafc1b3042bb8add5ef4e24c44a41aeb8cc30abb8b9c9a99b68d0e81ad0172bf0b17efb2dfef31854ddb46ed7c4bf168baad934eefceb7bb38a88986bfa4ee54606cef861162fbed8fba67fba4b6c9bcad72fb918decc923ea82ab08a97a577ddd7acebca152a4f5b5fac5757a89c3aec5ee8eb90cd8c6bc75a5a1330188881cc9f0e54969e9dc8551833994b65ad67ad2ad89a25a4ed2cad4f4fa7588b12ed8a9e69eea58a7e695cb956cb4ce8d0db3068bf1901b12ade987b54534a776a65b174c4fb04686887a556728c95a601d37485f0e21e1d6b8e9e9d6fd556aa235dfba60a8a81fbac09a7f2ad7baf49e486b88982fb8e748ebb35f555babaaaaac22145a2d168bf5e4c993d6e3c78f5b8f1d3b66ada8a8b096ec7adfbaf8ff8db2ded4e326ebe31f1eb4eedbb7cfba7bf76e6bd2c30fa875bb3768d020ebce9d3badd5d5d5f58a7c5e598c61c7e9e622d721d7753ec99c0c6bf4e24235464444446d51fc90ebaddd8265aebbc4daebe671d6b40f0bad070e1cb01e2cfacafaee0b4f58c7fdd715d68bee7fcd5abc36d97a4b5758bb0e9f67dd5a715ccb5c327bc90c66e4a09abdebac0fa91c18dc33d21a3732ce3a37433e4bfd5ce9a48534010b0eaec644d90032682eb29f97e73b2660d9a95ca46ae76e26e0e5928f90ac2ebf4e7841d6c720f5cb8db63acda14ccc5b5982f8e7b39195918c88ed6998f88471e57d052afcc311549a813c87ab93f216c523f2a15cc4accc47b9d58a92a72391bd7414e2e764a93994f25cac9a9f89d0991bf1d17f9662b8ff7a3c9afc1cf6a8c9f51dc5d19a2bd1f5f8b7f8eca0aa52caf373d450d3192d41c630111111514b63e931086f6dcac117eba721fcd01a244efe5f6c39061c3b6ac115171fc5b79f7c8fa33fbe83791f06e396c1fdf0d3b61dd87b422d6c270f4fdff7282aeefa3ffc585b8bf29d69884181bae85d64cd829731aebf3e2c73a5d32efba0eee33077461cf07916b276189591487c601c82c51314e4a93ae94036f2af4fc6dc1b825485121287b98f4fc4e0fe21881c39117122cc56ec2956b76a0a4648ff7084f70cd3c66c0ead42ead3d988794284d701fafa42626310172242639908b15a8dd23102e31f9f8b84eb43107e532246dd2aea3e3ee0e6565017a1eb155d71dd9557aaf13a272c47d450c38a8bc53e14149c5191eb202222223adf5c13128440f118d873041e1ef35b60ff3ff0f6bb87d1e9b22b70d92dd7e05a3953bb5b31f76f8998f5da173856bc0a632e92958e0ea0e4f360f40c0f8796e83a0e46f273c908d7a68958d97f22d2e6c85c29b2e6960af8c8865335cd5ec51a8cef331e39f76cc4fee7443895556fa520eef979c8b97419f6bf9b081927f3fe3a0a99c3d34520d566113230cd6714d2a6a6c3fa42ddd5e419937d30aa6801f2b3ea36a660fe30443c1a8e74eb32918fc5fadf1c8fcef79662c1ceba16d8fa0ab0302602b3a0afabbfdafcdc6786e086b991585bb50423445dad48e38e45ee6acdbbb3d0e5bebd78fcc3b73021ac12168b052ffcef542c7bfb136d3dee0c1e3c580d358f9c9c336f99252222226a2eddba75434949891ad3759af02a76fff556f8f9bd8f946e93f0cafdafe19785776a17763b2b7aaff1516c4a8ac53def74c6f879f391726f1442fcd50a6d54a63b35d7cd454dc1e330fe9e3014bfb91a6b64d364750ed2764660f50c9166df1375db459d08ad0bf26230ce93736ceb6d447d25a54dbfbb6890bf430b6d2304748b5243eec900d99c85888888e87c3276ec582da3e4e5e561f7eedd282c2cc4374f36e57e9bc1885bf219b6a60d45f9f27884f688c2f8f95928ad569335e198383d11619fa7b9bfca3e6edc440c2e5b83d56f16a378e52a9c1a3a0e61a3c76362ef1c2c787e0df2de4c07c4b843c77b9385868488ffcba6dbfa5ddac5cbd390a98689888888a8f955a9c73af978e3b5a6fed44b10c247cec53fb6ed47c91ba350f1dc30448e5b0573ca0b1e998ce4910dddf6e98671187f0790b9661aa6e5446262aca8f38fc3f87b07a3e2cd548c5f1b86f1a383f5799bc0527d4a0de9826f8e863c3920f38585c830379616adc2c292306dda19ab3ead06ea1cdabd530d11111111b55ddb0acb51a986a5b2f47538d8b329bf26b41e4fffc5e80d0e4248ec5cac7e761c4ad7e5c17c29121086c4a9131bba0fa9089c778f43f0e70508bf5b3f67548abc67bc088705081b93883887ae78cb67b9d06efd5e565ed72c5b9d835cb94d3b739157a657a1ba14b979b252ccff9945afeb9988e4c72211bc270da322a3306ab208c2f70e43afd82c44cb8baca4d26ce4cafc585e8212b51850819c2fb78847b1fe2ff41ae72cf834ef6bf1b8133bbf3eac574916875f28222222226a830ee57e80843f3d86ff7df66f7822f12e4cfc6630a6ff4e9f76faeb427c2b070abfc537f5dbf7ea2979713a26bd9a870a99d744eecbca1151745068fd9ef5d81438b90fa983aa8dd6e4d8546bae1ad5955b57df3fd1baba5c8d1a32124df7949225d19abe738135c6ae4edeafd4f1fe53b0266af7a592caadd9cf8eb30eee192cea83ad61b1621dc6ed319dac6bfe37efd45bd7d475ceee43bacdfad79bede71bfce7f7b5fb90de754b3ff504444444446dd7f0c103f4fb90065f6efdedf825d62d7bf4fb9066cd1d6297a1805baca939155ac69259abfe7d48d7591fea1f698dec1fa2e60fb146deb3c0fa51897a2207aeafb26f218ccd978fe6e2f22afb9a1a5457576b3fe7297f55495e65bf72e54a2c5ab4485b0f111111515b3573e64cedc2a6a0a0200406066a45fee2a49f9f9fadc82be98d4767c5b837bb5124e3d1b98a86baec8988888888cea203ab194889888888e8dc2a5e390aa197f6c2b07b27217e74260329111111119d5b9d4342118a62e4179c42cc22b69012111111d139167cc732e41eb6a2e4cbd548be2998819488888888bc8b819488888888bc8a819488888888bc8a819488888888bc8a819488888888bc8a819488888888bc8a819488888888bc8a819488888888bc8a819488888888bc8a819488888888bc8a819488888888bc8a819488888888bc8a819488888888bc8a819488888888bc8a81b4addb34053e3e3ea24cc126d3f09429f25194299bd48c444444d49cac566bbdd25631907ac992212af099ca9965bf22db3a872c29527544444474bea9aeaec6f1132770f4e831fcf24b398e1cf90547c463851897f53535356aceb68381d44b1ede2abe09654e5663939129be15bd345c8d9e0746bca4bead9d4f1b454444d4c21c3f7112877ef811bbf3f7e2f36d5fe1e3ff6cc5a7d99f63db97b9f82aef6be4eed889bcaf772137ef1b7cb93d0f5bb3b7e1c3acffe0fdcd59f8e43fd9c813d30f7cf73d7efdf5b85a63ebc4407a3e295a82215a6ba9a9cbdcb1c5d3d6ad6e3fbd68c97d48cad667c94eeaa3a64dc126f1df1487f97d7c86a0c1465473577e13b7cba3e72122226a658e1efb15fbf61fc0d7dfec467ec15e11280fe2a79f7f464545058e1f3f811322a49e3c750aa744b158ea8a1c3f79f2a498e7388e8900facb2fbfe0d0a11fb1776f11b6e7ee4076ce17c817c1b6a2e2a87aa6d68381f4bcb402186185b57031a2c55876d27d7ab093a12f4e4c8b5e8c4275ae49e1623907d0fbe1d7a106c5e442752eca4bd0da374df3ebadb2d948ea23c36a6335b05daaa5d76acd14434444446d476dad15652240ee2bfe0efb45f9eee0211cfce10794951dd142a8eca6f7f3f343bb76ed10181888c0800004a8e21fe06f1b96d3e43c41a2f88af9ababab4438fd1525a53fa14884dc6f0bf761d7ee02ad948abad672de2903e979693246c824d9bb2f06e8159aa26f77e903d94998afd264ef87b762ebc3bdf511a786e3a5ad0fc336c7f0112a2ceec2b78d6ebd74be5d9b36c8302a4c1ea107602222a2364476cbff585a8ac2a2fdd8b3b710a53ffda49d07dabe7d7b112e03e1efefa7f51c4a5ae39008af32c0d6153dd0d68a65f4520bab28920ca532a876086a8f0b2fe888aaaa2a2df0caee7dd99dbf5f84d4a3c78e69f3b6640ca42d4236f20b65f84cb1b53cae88abeb1a6ff06228bbeef438d9ced94cf4ed324447f45143444444ad9f0c97a74e9dd65a2b778b72e2f809b40f6a87768181f0159fb9e6e0a9f75cca22c2a628b5b522788a24aa15113e6580ad11c37a91c37a38ada996454d17456a1f14840b3a7440d9915ff0c9a7d9c8ced9a675f7b7e4d65206d21665385e32ded0aadb5c5ab1c175222d5a32c4a19b9fdde9444444674a06c992929fb035e70b9c387102fe01015a6ba6e4183ee5b0985d7f14e1b35a84cccaca2a582c169c387952bb60499e3b2abbf5b57944a911f39db29cc6afc78fe3f8f15fb55658193a2b2b2bb5f9c4dab46e7f197ecb0e1fc13beffc0bdf7d77482caf6d428bc340da82c87069bb90a8f7c34851c9526f99ec8dbeaa1f3ddbd46c5998afae741ad057efb62ffa16aae3bfd90c1fa16f48f6da8dd0b6ee2c3c071111d1f9a2b2aa0a07be3f846f8bf6692d9d92ec90972da2227f6aa1d2283aab762ee8afc74f68c15276c177eb16828888fe881e341031436fc2d0ffba09b7dc3418370d19845b860cc62db7448bfa9b71dbad4371ebadbf13f5bfc5b5d75e8d1e3d2e87bf7f008e1d3bae15d9faeaebeb2bb6a91a9f6dfd1c05057bb46efd968681d44bb47b866a1702492b1027bbde37aa5137eaaea0f781def059683b8774f84baaf573459c9a670ae05877df5a39d6bc86bfa45f5c959d843e67eb39888888ce03b2db5c5e6024af9c3f65b168e1527ebe5a65d7bb2c56d9152fc3a89859fccf62398d13274e69e79286855d896baf89c0d5e1fdd0b7f755e825c67b74bf1c215d2f4357512ebdb40b2eed728978bc04978961591f1ada1597770bc555bd7aa26fdfdeb85a84d8a8a86b71e38dbf41df3e5769cf2f5b58e5a3bc3a5fde3e6adfbe626d1b5a121f91de4d5b6c41e967abb1ecb934acaa188facac6484ab294d76bc0019cb1722ed8574843f578e6523557d333136dff8266214db7919a662fd750ffeb56a195e5ef51eae7a62179e88a9d49acb57ae5c89458b1669eba166206f13d52709d988c6e2c2ad707bcd151111510b52fad3cf282cda2742e04904b56fa7b78aaaec215b426591c3b2cb5d76af77e8d001175c7081163065f894c1b4b958ab4e237f6f110e7cff83d66d2f9f575e912f83eca0410371c515ddd59c9e9b397326c68e1d8ba0a020fd6e00a2c8b02bef106014d9226b3c3a2b46c3995124e3d115fb16d2b20a9477018a3fcd43a9aa3a3315283e00041dce45d6810a55e72d47f1ddf740bbb2aff1d9c1d677ff2eefda84294396e8ddf542d1c6b5228c0ad16310cf304a4444ad84ec0affeefb43da7d468382ecc3685d91ada8fa4548edda05a1f7556118f4dbdf688f328cd688657e395e8503874fe13b51be578f9e979338f0f3491c2c3b8523161ff4bbfa6ac4c7dd86cbbb85688d6f1d3b5e801f7f2cc58e1d3b71fa74a5daf2e6700ceb672423c355847a77a62dc4ca003b60da7a9102eb2b983fcc21b00ec3c25d8e81b44b08c2fb4723ea1a35de24c5485b9aa186831136201c71838dcb6f9ac9a634a4797492e201ac78f15d357c11ae8ce887d88137aa716a564677bd287de41dfae54554e6db4d111111b5707b0bf7692d90f23ea175172cd55db824c3a8bc60a9aaaa5a04c38e88bdf577e879e515f0f5a98b5b65c7aaf0d775fb103efd535cfdf0a7889cb51591c99fe2fa47f472ddccffe05aad7c826b923eae2b0f6fc180191f8bb205fd13b3f0db47ff8309cfe762dd673f68eb1d269eab4fdfabc4900f02e4854e6547f0d5573bb469cde29bd7f0ca3b6f61d5aa9daac2c19d8b60a9f80eef3f3302fdc5e89e171fc05d0bf2f46926e1b33f82f5542e528702314fe5e294f523240f381be7907ebe0aab0bd4f0595181356f65c0a2c6dcdaf63adedeab86e92c325dfd6f14865122226a45aaaaabb5df9eafaaac1291cf07ce6ee7245b45652beac59774c6c0df44c24f755f9bc9517f91beda05f88ae2874031221f8302e5a38f36dc3e503c8afaf68172584c53f3b66fe723e6f343c7203f54d5d4226f7f05fefcc62e0c99f309b6ef3f8a41bf8d428fcb434400867675fec18332aceaa7369e9963d8f4cf7fe22b31b47d6d3a3e74f553fb415d3134792d9e9a188ce02e15d8f2e77b306dbd9376d2a048c4dc1489f00191085255cd1b48cb3230edfe79c851a36743defc51487c538db8736403664ef93bbe50a3444444444d75e4c82f5ad8d4f2a5b9014615587d70f2e42974ee1c8c88fefd70c1051df4051dc8e5db8bf07951077f746aefa73d6ac3da78002ebac04f7b0cbe400ecb3a394d8efbe342317c5107b18c18bea09d9f96352b4e54e2cb6fcb31f3c53c1c3862c58d03237145f7106d5b4e9f3ead42e9193ab401ffdc3d024f4cbe02285e8e55af7eaf26b8e01f8947963d8ba15d0af0c294bbb0d049436df0859dd590ce37343c1ed3d615ab51e7321eaadfd75fcfae551875f328a4ed11c3cb47e9f3c62c84636369e97b291816d6594c0f45d48c0cfbf30bca72b0f0de68f4ba547faece61d118bfdc68eead40d69c68c43c9a258730eb1a7d9ee9ebd564b3ddafe28f317fc44bb27574e53874ead409c1772c836363e9e18f16e24fb70dc2db6fff4bd510111111d5f7f3e132ad45d4d7d7475eb6246af422b3a8a8d6ee0ddabe7d9076e1d2c52294baa32fa3df6f54bbe7a858414d8d5cabdeea5a595d2b4a0d4e57d56aa5b2aa46ab93c1579b5f14f9dc81013eb8f4a276b8ac533b6ccd2fc382f505a869d71957f6e8a69d26205b6c8b8b1b088f1ed8f2ea1be874ef837870e4ddb8418c7f989e8e6ff4492e05f57f04efbcf810c2cbb2307bdc746494a9092ef8a60ecc46da9878ccdaac6a9c4898b30c09d78fc3820ff6e35495ded75fcf8089482fc8c782a162786abafe8dc1e12afde24df3b0aa2c1ecb3ecd42facc08e42d9d88145ba02c46dae438cc3a148ff48362d9aa12ac1a5e81350fcd52013818314f67a33c23510cc760c14ef926b062a9b3abf6afbe1ffffc7a079ef92f31fcc01a1c3b760c15ef4d433f7daae6e096a5585b3e14296fbc8a21fd2e52b544444444f5c95b2be9bf942402a9cc38a622fe07cb690b42434370d96597ea0bb8a1c549b18c8feacd97abd0c9f5c9b05a8b6a79037d797194bc539018af14c1f4d8c92a2db0ca486c2c2b83acbc1f7ff76e1df1f2fbfbf0d5be0a5c72f145e8dcf922ad85f4c891727dc6a6fae11f78fbe3a118f9874ec075133071b4c84cdbd3b02cbde10bc483472ec53ffe1e83e03d6998386e21f2e4fdfc5df08d1f1a871094a3a2c2f955f0a55be661d2d34148cd598de4d83004f9ab094d101a3b1773ef1f8cf0ee9148f8539c889515282832da502b507118081f341891f28402ff1024c4c688812c149b7e9eb2b95c76f37424de15855e21e1e81e16aa6a89888888ea93b770d22f5e52bf3baf8abcffa8bc1bbefce5a5e08b3ae1820eedd512ae89a5f447b1323d98ea45864b79a5fce51707a19f0898b2f4ed7681f6d8abab58af48a1555a4baa4e6e8b1688e559ade2b1b6aa06478e57e1820b2f42c8659768db247fdde94ce46f7817c7c68c458c96ff2e42c2c871b80247f14efa3a7ca7cde15ee4ec77f0f2d470546c9e85f18e3de326be21f7af4689b5042f8f76685eae2a41e69c6118ff591c5e7e6122c28db34ecf805d98ed1f863035a88bc4dc4fcb91ff740c2c8772b06ace28443d94a6a635bf76e66de974811a20222222aacf1640b5506a5c552fea44912d99fabd3a3dbb34473f0d552eafb5b7da864f8b40794a9494d17df1d6acdf60edac1bb06ef640bc3d6b2036ccf92d763cf73bed9c52d952aa0551516490155b271e45280df043c9919338510974bca0bd761a810cb84df6eb46bcbcba3bc6de6dba4c79d828fc8fecb7ff771a56bae95daf138c84b4ad4817a1b460f9448c9a5fffca7bc9cd91ab40f1ae7c643d9f88599b5ce5d933200261bd8c6bc943dabd5188b82315c57d6621f339d93d7f0ea8666f22222222670264bfb8e0fcdea33218ca30e161a0901952906152fea70dab2179564087403fedbcd02e9d026de55231defd92f6183ae0525c18e48fd3952268cae5c5734bdaa3d80679ce69b598e42b129eac93b7a86aaafdebd2f1dee1f7f0f0b53dd1a3470f74ebd60d5dbbde8aa7b7cba9dfe1cdf475f0ecceee22943ebf1a0b6281ac47c73bbdf25e05d262a42dcfd4070d01e148ccc8c482c8022cbc7794d32ba49a5575165206c76061d02c647fb911a9f70f464833b4cad2264cf11902e327f0c991a7c787c7b169ccc7ed1c1d43f94b61b2a54094212de605e3fb8be87c675c352fcfe9b46abdf4e27f5a116154d4cb2efdc6b746aa64aae8d952b6b8dad79bf9fb69edab2abeca40aa550b62b8aa1a175f1888f601be3879f2b408a57edab9a44d52f319d2d79dc643eb0a71e0c0011c3c78103ffef8237efae9271cdefb22eeba0438facf9558e1bcc1b33eff4824af5985c4fe05489b3c0a6985f6a7126881b4f8d58528e919a755d83116ee928559778fc79ab3f9c7724b26d6eca8404cec38849cc179aa6d93fc30d33f806dc5f4cb49adc7b90e37cdf51c4e5e9f299bd43477ced63e9ee97acfc5b1373839763e5344ad2b4558725f120664eaad065bcff0776b374da9ff5a69750effbe8a960c5175e7f2d834b34d53c4b175b7ede2d80e31bf0eeee6757cdd5ae83169b15af0fbf03cd6e5d24bc47b59bf9ade8883327e8a78aafd27ebe5f99afa854f9e907fa7d4901890c372fdb265f3e4e91a549ca8c2714b358e9daac609f128c777141fc597fbca61a9acd582a9b18cb1bc48b2e81a1c04bfdad328f9a90cfefe7eb8f2ca2bf42769a41fd6bd8d0fa3efc7c4eb5585d9c5a3306bc62d62601bde78f35d0f5b49852e0958f6d602c4200b692bed6f12ea3bfeb65e18b6251ab386ab9ad26ce4ca9bf09797a044de7d5e2ebc722e22f7acc1f83bc663d51e0f6e49bf5984cb3d795835270d79b020e7cb5cadbaa4ccf483a49fe56a3f2f99bb334f3fc13534543ba7347d650ab2f694226ffd3c4c5ba9fd00254a4af390f1aaf944d82c64aecf41c1e67998b7ae81d3093e7a1febbefd066f3ef532be11dbf2659e7ea3829f7f39ac3d6acacef00ab4f382fcdd78f986d44be198b5e8e351e86949e40df8cfe56fe337c7f3c90f71f1654f0524bd6462f2ae6fed02cdb975ae8fe39972786f2fde853897a1b410f9d9d188e8a346cfd0f0119301bbd76a1336ac88165bb4161b4d2f60617e36a2c7c4a3778b3bb68a6c558e5ba1465c28da88b503324daf0390749f8b2fbe45df62d7640fe7256a21e4efc3cb1bddd788d067bcb78d22cf2d0d0c08c04f3ffd8c5f7e69385388a5c4726a585b87ac8376c37c19343f2b38827f6d2bc1facf4b909efd03367c5182b73e3d8859af7d83a2925fb5d0ea27ef7e6f5ade52592da2d485e8d6b91d7e3952861f7e2c45fba0205c7595fd153b0d918db395bb5fc3532f7d86f0bed7c35587ff9591d7e05af1f8ddcb7fc5cc37f7d6fd6091e573e4edd8829ccf4a9dff88d1f5c9485f9168771726c9b7b4ff027cf4ca38689734ad9f069fd0495823ef15b5632186b5d7ef399ab1669e08968208a593c2dbc3e721e3a7411d8563e2f4444456ac42f23d0b60199388e287da23fa193d05674c0ed596d57ec7f4667d9d156f8e476779bfd201c958f05c023ae7cdc3b0a17148ab48c082171291100264af4b47d01d09fa36de31110bee0841d6f3e3316d4b24121d2fc6b2e98f0953a7e0baa3af63ce03cfe3f4c849f82e3914c3177fa94dddf4e7285cf5c4fbd8ffca9ff0f647f95a5d6bd23b7e0ca29d861efb968bbacc5abf25ca2ecf6aad27a6e9b689aed667a6b7ac98bb4f652b93795c6b61d21676b71dc6b77e3de4ad105f6992fac8791cc349639e4fd958b77f75f319cfa746ed78b2df82fc10cf9e8c11c6173e8d082d76bf64e56c5dcef6d1717bcce36a7889b3fd70d488e5eabdee4b5c6c97691e515c1e0f3397ef29f7b4f7b61ab6e7e27d61eac2b76fa953fbbec998ee24e4f6894074b6297c6a412b052903b2916fbbfb871e52c7c4cb57b411c7569b6e6c97dc6e13a7dbdcc8f7b5c7c7576c479fb5185328be28a91aa77a3f8cad2fd5bd91b5d7213b5f7c0570c271debe03c41f7217f34a0dbd460dbeafeb1f1b6dff8d96ec86d6ef745c0dbb7b7f68e47cc6ba45318e7363f7c9f47ad5ed878b79cdd31cd7ebf2efa3fd76d6bd1dd4720dee27c97331e5cf81fa8a34a8b5926a5df7220caa1210188083877ef4e846f47a169541520f93e2d06be3fe7ebe081465f57f64f8dc8d99af7c83d96fecc2f455dfe0f135f9d8fdfd31ed979ae4af3bc9f9651096aa6a6a50f6cb49cc1d7d35a27a5d88433ffe8caaaa1a74ef71b9d85e3db87aea9df73fc27f4d7a09db2a80cd4ffd1706dcb34aff776452b82c01a177a6a97b91eec5daa9bfc1c50fff0b7b9efb6f0476ba05cf7c212365775ce0371dce1263f0c86558fdacbc93521ddf8f9e4f4098d1452e6630d2be5ef47b8e26bc60ae13e58504b5407df249720f5b51f2e56a245eef7c59ed774ccd75ea7ea59133d3b15f2c6b2dc9c5cbf78723a8e744a497887565a522ae8bbe7eed3482774b603dbc1f1f3d1da78754172eba7311b67e771c859fbc8c49d7882cbbb01c656565282d2dd5ce85d8f7d4ede8f5a7573076ec58b544ebb1697e12b207f475f8f94efd0fd5aec585fa712f5c8c5d71c61f1fd9b2637a4dccd3e41fd6b85da6562ae383cbddfacc7a237e4cb4f83c323e8ef40f70e46fb4bdc9650bd3642db5b9d90e9bde7878abdc06a3e5ec25b19459639e4f127fb8f347e8cf973919d949f39dec8399a7fb2df48ec798e8158873790a85ab7535b48fce38eec77da60f2b774ccb89e787b1ff4e5ff7be4eb6cb93d7cc81cbf754c3b4f7f6e4114e8e87b363263e6cfbd475e15b3307880f69f3b6897d4f055ed7b6c1c931d65ebfbaf059b4712d64f3ab6c395db141ad4586540c405fa7ada22e8eade3eb6eb7ffaeb6b911ef6b8f8fafbe1dc86c7cabae7c1db078b693d7a1bea26f7701d11170de70edc16be4f4189aa963b3b6ee586cdab042b55a37b47e771a787fa8e3b7c2d61a5c88c5900d018ddda73ef0d9e06a1f4df37af4efdad9bf8386fe6635b49f64b8f69a0874bcb0238e9f38217f9849bb3fa871c5bd4c99fe7e7ed85ffc1d76ed76ff1beaaa6d532ca70d08725816791280acb4c2d7c7aab582caffe4e554dab058d0574ed7e613c478d9510b7efaf924ee8ded8571437b61cfae9df82ce72b5c79c5e51832e4b7fa7c8d30f6bf8721272707797979d8bd7b370adf9c28de55f6fa4ccbc02fbffca2dd3254deebfdf8f1e338b9e40fe8ffc8bfb57369e52f5ac9d05e53b314096a194791220b2e33dd4b5e3b87945a03f10745fb36ac9738883f90a6160a8d6aad4b313e795458323e57b50f06b5bc8ff8639a2d3e66bfb5fde133b708890022d7dde0faea682d24468beda60de20f780a5e8fc8572d4ffa076b5d37abbbedf04ce39e4ffce19ead8ed5f011e20f7903cfd788fd1613c58783fc904a421f639fccad1a8d5a57431cf7c3fc9ab9635aae775f11ad1a78dd9d6aca6be6e9baeddfdb1b46883fda2ee775205f7b71246cdf3db4e3623ebe62df5f37b7563bd2838e113e0bf3a1b784ca9653f5fe9221d57940965c1c5bc7d7ddcccd3637ee7dddf0f1dd34a50f920664c2d3c32969adb0e2758813cfa5b70a374084e3fb9244504e71719c3d798d5cbe3febf47e3805936dadd9fab1d0b6afc1f5bbd3c0fb437b1d4ddb27ffbdbf24e66ff43eb9db47d3346d3d9efebb3669f0ef4c03fb49361d3a74c055bd7ae2c28e17881076420b84e22f92f69fbca0c93fc01f168b057bf616217fb7fce94a27b4f02ac3a76c19d5c3a7aa12e3f2d1aafd76fd0541facf83cadfadbf4094f6017e08d06e2b259f0d382c82e80f474ea24fb70bf1cc9f22f197f1d7e3f8e183f8f0a34f11d8ae1da2a37f8b0b45786e2918485b0df107c5d61a228ab34f18f1699a2dfe28c6a90f761f1ff161a49fa62bc840e1a2c54676bf896fe62be2ea4281d6dde3767d0ee41f52d565275b2e642b8ef8bb8bb5f2d343b630458f81fed9e6663b1ac3e3e76b82c6ecb74686d2bad7466f1051ad138d5e97a7fa20c279bfb6e75cbdeef534e135f378dd92f1ded6d7bbabe1a46bcfae65aef1c7a52e04ca90a35a42e507ba3a8f543b7fb4b127ad6aafbb1baeb6d9d3f7b547c7b708b2e152cca4e6a9ebe675fd5ac8556fd55f678f5a1ac57b437c41112fa0fbd07b86af916e38464cced68f850c84e67fe3cdb27e27b4d7d145ebf85979ce26aee7acfd9d699b7a74ef26426918fcfdfc71f2c429f1ef414444d96daf5a4afdfdfd714284d56f76e563efb785387ab4e14b7ee43af4013d945aaa6af0eb49fda226798f5351a5ddef54cea02eecc7c0de1763867893ffe5ee01f87f77f54387cac3d8b4e9439c3869d1c268df7e8dfcbbe4650ca46dce6464ca0f1353d13e28d4377aa72d36d2f097ea96d13ee88c0f2217ebab477e58c86fe4f2435db51c880fd701b26b4afcb184d6b52634b41d1ef3f0f99accd3fdae4f6bc9b16b0169faba5c9317f7a8c133e1f2753769ea6be6c9baed0cc74baa7bd35d60aac7eedcc5261c172d048af0b9499e3f6ab484f6465fed3c52534b5c63c8165635e894cb6d6ec4fbbac1e36bff45490ffc7af8f7e8fda7ed83bb96f0ba2f2a0ddeede04c5f23459e4a21bbed97d8baeb95665a7f3dee5ec7b3f29c67b29eb3f177a66d0a0c0c442f1148fbf4eea5fd5efc69cb69ad75541c522d984a0101fedacf766ed9f229bef966377e2cf949ebe697fcfd03b4f35065b8d49611c5682995a1538eb70bf045c7f67e681fe8ab055279c37cb9887cdde43cf2dcd1817d3ae34fb157e1a67e17a1f487eff1cf75ef6917324547df88dffce63aed0afb968481b42d193e1b8ba35720d5740252d192297af7b1e3878b1632944d53ec2f1690f3ca6fffeed6e7441ff1d57e576a2a56d83ed4f50fd7d4d45d18603431b8db8e7adc775d79f47c4dd198fd96e7f239a627b94f46eb4d83eb32efa36c1da91b2f5a22f64d1fac4f85442db03495abd75d1b316d57a35e33c5edbaddb0b5fc992fe670438649b135b6e3dba4e322df37d9589baa9f3f6ad0ce2315efaf26b5b66bddb2a62e53f3316b609b3d7a5f37f5f8da91e71dfad85d24657e2b6ba72ad8f6dd61dec684d166798d14edcb4312924458b77d4172bbfe46fc9b7246757dc7d9f65b1c87294b50d49cfb64d6a86d37fd1b6de4dfeafaaf2739baa0437b5c7bcdd588bcfe1aed9c4979bea4710f52191a25d952daf1828ed8bbb708fff77fffc6d6addb507ea44c3befd4d7cf4f8551790f531942f573476b44d0acacaec5ef065c867b7f7725eebcb11bba5ddc1ebf5aaab579e432b2d75e96e59bf661f063ffc198d4cd78e59535385a5e8e9123e271d34d831014d4f26ee4ce40daa6e827bb0f9027d0abae9b3e6b236c5d7caf6b8d4f7abdcf06f97d5a117f5ccdcbf8c82b72b5f38ddcaccf0979552eb2cd1713c9554f165503eafe50bbdb0e3bc3317b71b40826723ee72d6b1e3d5f933462bfe507d62ea34b5415ed1a12e37c2d77eb72dc47316f8af89853ddb0f7618cc3b1319d6ba95dd072861727b87cdd1db6cbe3d7ccc4e5ba3d30fc2575da8327a1b4ae55557b9e261e171902c55bc9be2554863c5159ffe2414f88edd282b5b363e67e9b3d7a5f9fc9f17545ecef2e637b45e99334c0f43e76a00527b199e66d10c52e24db34cf6ba493e15c3cd89dd3eb6efd0dfd9b6a88feef77b2edb4873e48827c3f34e73eb9fa77ed6edb9dfced68c4df6af28c6c05edd3a7177e1fffdf086ad70ec77ffd556b1555d9520b9bf23f795ea9bcd8e9871f4af0febf3fc0bbebd7635ff101ed6746654ba9de15af77d59faeac16a50633ee0cc7ff1b1d8ebf4db80e7fbf3f0ad111a1283f5e25e6a96b55bdb0833f027d6b917bb00aef1fe989190f3f8801d7446841b825f211074c3f122d94b1f9da0b6f2af29b8a6391f5f286b5f29b8cbc024c7eab91271faf5cb9128b162dd2d643d432c916a9544414b6c07b6012351bd9b2d707f929ada53b9affae5b0a79ffd1d2929ff06de13efc7cf888d65ddeae5da0089db22554e4925a79e3fc1af8d69ec6f14a1f64955c8c2f7fea085f9f5af869ddf59215272b65973cf0b73b3aa24fe76a2da79cb69cc287853558b9a3033a07c97ba01a5dfcf2c6f856fc72fc342eead80ed97fbf0d619736fd67420d3367ced4ee3e245b59e5e909b2e8bfd3ef672b32481b8fce8af1c5c72892f1e80a5b488988a8755057939f590f0851e375ed7a192222fa2332f23a5c77ddd5e8161aa2b59456941fc5f15f4fc06239ad85471952ebffb67c5daba76c3595b777da995f84bc6ff291f7f56e1417eec545a70fe2caa0729c10815546516d29f104b2bbff82403f9cb2d4e0c9d53bb45f746aa918488988a855707d8f5aa2b34fde18bf77ef30dc346410a2a2ae13c3bdb41bd35f7cc9c568df5e3fa753f6ca9e3c79d2f66b4f5abad4c2a81e33b5364431582b7b73abaab596499fa08b7045d78b70d7b501a81621b746cc6bcc2fbbfbe50550fe3eb578e3c37df8e2db23385da59fcbdad2309012b50ac35be64f561235a3e12f890fea5675e938ff5db754975f1e8a9b6f1ea45d643474e84d1830201cddba85e0820e17c0d7cfdfd67d2ddb3b65b6347ab365d094e33288cad2a9d385e8d6a3076e197203a6de3504d75cd151fb05a66af57bf9725eb90e3f7f1f117afdf1c2ff7d8bef7ed6afe66f69184889888888ce92cb2eed82ebaebb06b7dd36140963476394287dfb5e85ea6af96b462258da4eadb48ab029af71a9c46db70fc3030ffe09ff73ef38fcfef7b7e3aafe57a36b68289ef99f0162be5afc7a4a76cdcb5652bda5d44f24da4eed03b0e1e3fd28f8be42ab6b69184889888888ce12d91a2acf0d9557bfcb56cf0e1dda23203010f25ea246cba81cd65a3bad35a8b1d6a263c70e68af2e2a0a10cbf9c80b857c7d30a8df25e81b7a21fcfd7c50236f982f96d77fcfde0a310bfcda07e2b9f7f6e0e35d3fe92b6e41184889888888ce1179a71f993e45bed41a476591c3fab8bc2a5d864cfd9ea38e02fd7df1e784705cda3110e5bf56da7edf5e2e271b4b3b070721fb9b9ff0f1ce9fb47b9ab6240ca444444444e7886cd13c61a942f9f1d33872bc12bf88527e427f94e5d75f4fe374750d5c5d9a3462707784f7b808a74f55e170b945aca71247c432f2f64fc74e9c46b518cff8783f367c7e502dd1323090121111119d23bebe3eb830c80f975e1484cb2e0ad44a970b037169a7408404b743f7e02004fac9164fd72d9c71375e8eebfa5c22d6e32f966fa7d6d30e9788f55cde2b18877efc15ffcaf95efbd9d1968237c6e78df1898888e81cb154d560cfa163282c3901993b654095f94476bdcb6b9ce439a443afbe4c04cc20bd3fdf091934e52d9ef6971ec705edfcd4a54df2ff7a17bebc1fe9c51d03718308ad5d83db6b533de5ad1be333903290121111d13922538bbc20a95a5ed4a4d5c8ff1b91521f96e78afa3610e0aa6baca812eb91e79e3a92a78fca6a79f193bffce1fb46e02f3511111111b5727a50f44550801fda69c5573dfa893abdbea1302ac9b0d93ed058877d91f541a234368c7a13032911111111791503291111111179150329111111117915032911111111791503291111111179150329111111117915032911111111791503291111111179150329111111117915032911111111791503291111111179150329111111117915032911111111791503291111111179958f5550c32d92b1f9f2d15c6a6b6beb15595f535383eaea6a545555a1b2b212168b052b57aec4f5d75fafad87888888a8addab16307c68e1d8ba0a0200406066a252020007e7e7eb6e2ebeb6b7b74567c7c7cec8a643cbac240aa02e9934f3ea9ad87888888a8ad9279c81b81945df644444444e4550ca444444444e4550ca444444444e4550ca444444444e4550ca444444444e4550ca444444444e4550ca444444444e4550ca444444444e4550ca444444444e4550ca444444444e4550ca444444444e4550ca444444444e4550ca444444444e4550ca444444444e4550ca444444444e4550ca444444444e4550ca444444444e4550ca444444444e4550ca444444444e4550ca4d432ed5f8edb8283112cca6dcbf7ab4a693392826f835d151111119dd718485b0519c2f470662ef641cdd1d90a6e8eeb3d1bcfb31fcb1f7c0c11eb2a505151810fa6ee63082522226ac118485b8d1bf14cae1ed08cf2c1d45e6a9a37c56271c50768de4dd987bddb6e44bfabd4e859790e2222223a5718485bb5fd587e5b30826f5b2e8694cd49aa0575345ec3363c16258793b0d968c9dc6c74851b757a6bab519236abf5681ca6272d17cfe762bdda06a8e1e5c63638b4e29abae1f5e2acd553ee93bbe77064bf8d76db6f3b16aad8ef1c1111519b93bb7d3bfefef7bf63c1f20d2838a12a4d7eca7b0f2fff3d058f26cf445252121e9e9d82e7d66e4769959aa18918485bb55e98fa412e9ec16378504b6b229c8d7e0d13b4aeee7598606b555d8c586d7e11f2e6032f6a2dacb24eb63cd6b5b856e43e83fcd132004a2a184e58a7a6cbe7016effc0d97acdc473ec8db7ad0f8f3d5fb7be071f835850ad4faec719b94f0d3d8741dfc67c639de6ed97e17774bea955d9d5f3111111b51db5ead1726417defec77f50aec6a51f372ec0fcd59fa0e0e753a83266acfc15073e7b032fbe774855340d0369ab61b418d615bdc14f04b817f5e0b77cf97c2d402e7699e044c87b71aa58c2ccd4c218f59878967c14c96cbbff7dacdf26e69f61ac4c3ccf62c7659d312dd3ab37228cf56d7e1e8f6d9b80d9cdd9efae6da3699dbd6ec7c81b5fc3465b43e836ecdda70665f8767d60888888da84a81b6ec0a4c197e8232505f8a6421f048ab075fbcffa60cf583c3e7f91f8dc5c8c054fcfc4bd4323d0b59d3ea9a918485b0da3c5b0aed8f255afa978f1997c3cf65804d6352a74c9306a6a6134b722eedb2be25c047a37e7799b37f683edb4d0e6a06de36b186d0be95122f4aa69e2987cb06e025e1b6d4c733c1d818888a8ed91c1f092fe5721581bb3e0d4296d40e880804035f8fde778e7d3421ca902022ee8891b463e88a9f1ddd5c4a661206d0bf62fc783228c4e9820c2596352d7e68d22ceb968b5bcaa9f88c0cd6cdb5ed81a2c9bcd04ac338574bba01ebbb8ae5e0ba7c6e90844444464af1b86ddda1fede560edaf2878f705fc75761266fde559bcfed1b7386674e137110369aba79f9b19b16e31162f5e8709af8d36b5049abbac9dd042a7ea5297b480aaa8eeefba802b9e27c9b878aa81f53a131b2fa2a3a93bddfc5c4d153b03cf886d9c6fbada69fff224fde2a7cd49f61754c97dd55a68e579a7c1a60b9c1a1a2722226a1b2e1cf8273c316b1c7e77cde5b85075d15755fc80affeb50c73167c8432bdaa4918485b8dfae790deb67cb3084f51782cc2386f34168b553775d2e658cc78e646d565eda26550ebea47dd7a37caf64683bab848045cfdf9c4f3a0b7a8f560bd4ed56d5bfde76a2a7d1b231e8b52db188ca8f5fd70bb6cf01501d85c1f1cb51e23eb9d3f4b44444466012151b863c22378ea6f8bf04cf23df84d5735e1fb1cfca7440d37818f5550c32d92b1f9f2d15c6a6b6beb15595f535383eaea6a545555a1b2b212168b052b57aec4934f3ea9ad87ce17f2fcd5f9e897cbfb8b1211119d2b320f8d1d7a195e7ee32b1cf3bd04b74c9f8d3bae08809fdf4eac5ef835badc761b860d08c3451dfde05b538eadabfe8ef46fabc59221b8f5f12770d7e5bef0f1f1b12b92f1e80a5b48e9bcb139c9d4a22abbec6f1ca9b766121111919755a1ba6c0f3e796b29fe92928c9933672269f65ff1ce5efd06a41dae1e865b43b5c1266120a5f388e98af8d1c0ba0fd8854e4444747e1888bb678c40745857b437dde2a9fdc597e3dadb1f44ca94c1e8a4ea9a825df6ecb227222222d2685df663c7222828088181815a0908905df67eb6e2ebeb6b7b7456d8654f444444442d0e0329111111117915032911111111791503291111111179150329111111117915032911111111791503691bb57ff96df6bfe5dee6c95f86ba4dff9dfb2668caf16cc9afc1b9dd764f5f9b73ff1a3656dbf877677e1d5c0d1311d963206d4df62fc76dc68de5554972f163f2bd6e1f09ac7f1ff69f0df203c37ef9e0db963bccd3d238d927db7e35df07a4c7c7d3f4fbfe4d59a6419b93c4fceef6693f96df665eb7bb791db7a56e5ee7dbdeb235699fb4e3ad8e8fb37f2b0eaf87ebd7dc93f761f3bd5f1bc75bcf4b446d0903696b213ff8a21e43c4ba0a545418651d30df45a0ec753b46623ddeaf37f1463c935bb78edc91eb11e52ad5b618f6fba415ed57a062b1b8a2997e2bdfd3e3f94c3e461b01b329cbb823bf908c7e4d8db8b0ff7dac8f58675a37f0d8832ede23fb8b903fc1c5bc2eb7bd056bec3ec97f73f217c5d4f1d1df5326ce5e0fa7cfd18cef4322a2168a81b455d88fe5f35fc38dcfe46271acaad2880f3ae34352b59ed665cb5ed01b6bdc7ffaca169d1bf38bc433a85692cd462bac0a4876adb20ead28f55a6c8de9ced625ebccf39ab755cdbfbcae354aebf634b54e35ad1bd45dcb8ffdf6d8657273ab982cdac4461c4f35dcb4655c11db1bb51e2373d76182aa71aad7547c607a9368ebdeb617fbd4b81dc7797b4700b6799d6d7b235f2777ef1dbbe33f1a75b1cef135731c3733afa329afa16a4d36b77c6acbc9e7d3ffcd4d58b758fc2b73463cb7d3d7c3cd71d3aad4b0e331d4b6451e876d782c4ad61b5f505ceda35a4fbd7f63ced66d70b62e57cfebc8bcacf9f52222f20c03696b205bbdb6dd8891b737ae8945068c6d7b9d46119bcdcf3f866d11bdc5c7a8243e94e6032f6a2d42f283587c08995b65d745880f2de3034b7c903df8182042b2dec2e6f8c1ecb82ed94aa4d6234bee33c81f6dfef013f3ef8db74d134f84e08de6f1e75d7c503685fe219c6f6cbb795bb456af7c530b66dd7e797c3c27c4db424c5396a94fdf5eac6b7c2b9b5c379e99e166dd75f617e50337f6c3556adcf9b67bfa3a35f0de311fff7aef1d4f34c76bd80b533fc8c533780c0f6ac14d6cf3681942c57186fe6f2e7fbe638093dcbf1e0dbfe68ec7501e33b92d723b8dd673f96fc6cd3e6a1cff8da9ba7aeb965cadcbd9f33a6a8ed78b88da3a06d2562302bddd8511d9da253e2cec5a5063e331e1b58da60f30497c60692d217a198d75a8b02d243e945e34754b6ede08f1f18c7863b25c9fa8d92857b8f9793cb66d0266bb4c480eebd2985a594458d9867c14d91a70c4fc33d413f5ea2df6d671dc3caf23fb7dd28a5d7399032de09bb65d76b3dea8f64bb30d7579420469e3f878703c37c68b0f6cf38bd0c865e4453146bdd1aab839290a8f45ac73681d77cf58cfe8d73cfc222342dc838f6dc384d9a6d7cce9b67bf83ab97bef381effa668b6d75004b217f5e0b67cf97cbc36411de77d7bc51a80912fca0026ca3ab1f52a0c36f87a383d6e661ebeb71bdc47b19e7affc65cacbbc175b9d11caf1711b5790ca4ad86bb40e64a2ce227387ee8880f2cd3f98b76e1c919538b19c4503f73dfb2ddb486c8307ab65a591cf6a9a1fdd2c2c66b186d0b7e2260c8f421c960af850f639ab965ccddf1d4f727bfde8bd4b8657a4dfdc0b41fb2056e3f64c3a5d820b53d75ddabee32b76d3d762d93aee8ad9962a3ea9d12527fdb1bc1d57b4785bd33d29cafa198ffc567f2f1d86311586777004c5f026d81da93d7e30c8f9bc1dd3e36d699acab395e2f226af318485b03ad35635b83e7223a131b2f3e46cfe493d1eefcc37dd86bfe6472756ea233aac5ecfc6965995077b18a2ab62c12bbb8aeded432a64d72793c63b158eb228daa17149bb24c1dd9a56adecebaeed586be4b68aeea27e676f765a6ee8bc2074e5e9b337affb87aef68dbd41c9ae935d45a8723304184c8d1c60be1f4b8dd887e5779f67a9cf1bf3b1b37fbd8684d5c57b3bd5e44d4963190b60ae24370f6046cab175c4498302ec890e7cd053b69356bb0fbd00dd52a34dfb830c2dc0d6b6b31d227e9d3dc70fc806f68feb32976069eb9d1b45fc2fee549fa45279b93ec2f0491db6d6ee973773c6d2d73c6052c4a5396f1983cbf2fb8ee1405b1fde6f7c0fef7d763db8d23a1f7da3bcc2bdf3f6ec2a8a6a9ef1f77ef1dad2bd9d57b47b6a4d675b7ef97dde8faa0bd667b0dc53179509eebba188b178b70f9da68fdf8397c09d4b7a381d366cc9a7adc603ad5c0dd3e365683eb329fe2e0f03e71fb7a1111798681b4b5902d3eda850846979b2ca301f3397f4e9d49f7615d0b9ef67cda8522c6450f629ab95b74a36c7f7143eb1695abf270feb34abf9023c2d82f51a2d6f7d3439b0812e6fa607925b5dd797a0d1c4ff13ae987cc1c309bb24c1389f0657e8f44c96e68c7db151954b0905f746cfb2b8afd95d94d7dff34f5bda37ff932a63d88912ede27cdf11acae0653e1fb46ebb9236dbaf5f3fa3c1d9053fae34e5b8c562c63337aa7dafbbe0c8e93e369abb75393eafa346fe5b272272c2c72aa8e116c9d87cf9682eb5b5b5f58aacafa9a941757535aaaaaa505959098bc582952b57e2c9279fd4d6d326c95bd9c82ba19bded7e701d9da361ffd72dbc0fd169b723ccfc96b7096b4e46d77e55cec536b3c6e44d4e2c93c3476ec58040505213030502b010101f0f3f3b3155f5f5fdba3b3e2e3e3635724e3d115b690129ade7de8dee624536b8a6c6db3750db7724d399e67e93538275af2b6bb722ef6a9351e3722a226620b295b48cf9acd49f2b6426a04f28289c67469121111d1b9c616526a7562179bafd8651825222222e7184889888888c8ab184889888888c8ab184889888888c8ab184889888888c8ab184889888888c8ab184889888888c8ab184889888888c8ab184889888888c8ab5a4d202d7e19e81e023cf1b1aa20222222a216812da444444444e455ad2690864d020e95024ffd4e5510111111518bc0165222222222f22a065222222222f22adf82f9808f8fa93ca4a6081962d8a85fb84b559ab85b76614c5dbd6dd932206d32d0eb52bd3e224e3c47913ec972085823d6372c0c98b61ec89c03848a79e217e9d32b3e03c60fd4970b0d0746dd59b75eb9ec2ba9406c6f60d16ebdce70fa5be0afe3817ec140e7ce40f41f8157bf501385d3a5c0777bd408111111119d73bee133818f1e07445e43f86cc0fa823e414a10c3a93701891940f200556922e7cf7f453cca91fb8153a66593b380657788e5bf54cb8a303a2d1628192d96392ce62d00228b45b014f3645688c0590d849403590780e2b7449d0c8ffd81ec3c314d4c4f1c09843d2bb6cf2aa66f16c3621d06b96ce8afc016b1ac9d6fc43e88e7fc6eb81814eb281101f6f762dec7fe00a4fc5bcde30f049e56c34444444474cef958058890967233304f54e4e688a0a84f0344c08b9f2182e5bb2200aa2a67d2ee14615304cc8da2c48980a711cb8e7f1e58fd9c3e9af75760629558ff53fab854bc08e8f5881e7cd3a78a8af5628312c4b808b9e922e0da882039ec1a609c08a113bba8ba4de2797b000f5d2d12aa50b2dc8acb13ad78768715491156d4d6d662d1edb5f85bb75aec7aa916178a71b9ab353fd760f2e06a645c5c8537dfaf4494c582957f5989275f7e525b4f4bb47dfb763544444444e7831b6eb8410db52c4f3ef924c68e1d8ba0a0200406066a252020007e7e7eb6e2ebeb6b7b74567c7c7cec8a643cbaa20752a14284c128110607bf2142e43dda34643d0aac12e974f5ddfab84b221cf68a1341d60896825c36670c3057bd1e0b6f03666dd6871d054f07ca45783502a96c915d36529f6690a137e5a058c71340b29816a4ead5e6c3bade0abf51a640bab316fffd1b1142536bf1de8c5a2da06a81b4a606ff4aaac6c47f54e1a1772a9118de3a0269dc7175e08988889ac9811b3f5143d418f9f9f90ca48d0ca4b68b9a8245c84b1c0aac795a84c96a515121c2680e306db43eddade1c0c441408608b3396ad93565627de6d742d4c7a82e77c7a285d106c8909a354394478050799ee95b80454d73aa0870758ffcbeaab9f7d79ff54722222222f21ebbabec931f03c2f700f31601794b45ae1c030c36bae01b9028c262f0e7c0321114e5b2c177ebe7a59a657da965d57ad2c4fc0d12db11793ff0512190fd8428e2f9a2e7a869ce8402d789874f760347f59a7abaf7530344444444e435f6b77d8a15c172a4088ecf02e3d788a2baee3d113c5a2c3b0858f30230ab400c8b759945cad6d275c044113ecd2d9ba5af02c5bdd5882bbb809437d5b008a6e12298a64d15c1570460f1543ad9326b76233042147c00acfd5eaf32ec9457d58bedbbbda73e4e44444444de53ef3ea4898f0283cb44681c0e8c736ce2744704c589e3c4a308892177d4bf082a46ac37b13f9031434c1b084c128f93ee04e2be1461533c9794a76ee354201e1dbbe373c4f2f3368b7a193cc5c42cf13cc1ddb586508d6c7d95f24cd7f73c2896e97704784a3cd77f7ed4eb7ece00167d043c9e0cf4d0ab70c459b32d111111119d13bef29e9f760601f13701c922c43556d854b15c2c30cbd945505d80655b8005f700ed0f00abde028a7b02e9cfeb5dfbf2bea5514fe8b36689c7f662dcd6fa2904878879278bfa00c04724c92c794ba8156ad96140ec027dbeb72601b72fd4872f8a13f38910fb07317c4f04d0b93770dfbf8099a24cbe5a9f67f35f810f1dee5d4a44444444e78eed2a7b9bed40b40889996fe861ef7c67bbca5e3c9a8bbcaadeb1c87a79957d757535aaaaaa505959098bbcedd3ca95da55652d15afb22722a2b38157d9370dafb23f83abec0d996b4420551724c965cff722f65b2be2b8c0df1fe2a0411c3c88030974e80074ec0874ea24f647ec90fca5a62e5d809010a0470fe0aaab80abaf06de7e5bdf77222222223af77cb59be24702a1f2bcce7bc5b0a5ee9c4e22222222a2b3cd575e8c14da0328953fd9195c774ea76435dd2bf47c2db5b57aa9a901aa45b8aeaa022a2b018b08d6274f02c78f03c78e41fbf9d1f272a0ac4cec6b2970f020b06f1fb07b373076acda61222222223ae7b42efbc47745b83b0c7c24c2689808a84444444444e74abd73488988888888ce25065222222222f22a065222222222f22a065222222222f22aa781b4f4332025010875f8b5a496ea3fff0b5cd90f78f307554144444444e78dfa81b40c28ef02147f2a82a9aa22222222223a5bea07521146c3fb0351d7a8f156e096bf00dfed05eeb95c5510111111d17983e7901211111191573190121111119157f976f6017c4281f8194071b5aa7522e321319f9c579585bbf4fae27562d9f0bafa883820b34c9f666301d688f54788e731afc3286907d47ce2f933e600516abe5e83c5f37ca6a64972ba584faf4bc57451a2c473fd7eae9ae6c2e97c60e9a3c02dfd80f78cba3dc0eb7f07ee18046c16e3e5857a3d111111119d7bbee556a0e469207ba90896220cba9220a6255c0f2cf800385505240f109522cdc58f01429fd07f57fed497625894f162dc2c6d9ca813f3a6e689f9c4b2d9e2f9e4efe587cfd6974bec294644d85c2802667a1f31fda0a82f01c65d08cc1a59177ef39e11e315c046353d2d162810e3ee54f803413f01df8862b07412ff132138ff30b0e315b1ffedf57a222222223af7b42efb1011ece24280f23211e0b46a7ba55b80492244a6e688202ae60d52bf775f21669657e40fbe591f0fba41ace71a51bfc774bba8222063bd98e75e1168c573402c3bf83160626f31cff6baf92ad689f58be969f7abf58be1d4e922b88a6d4a7b439fa75884d0e0ee22c8068911b99e99c023fdf569ae74ed0bf4bb428d28177503865ca70ff712813742ac9388888888bc433f875404b2d522ec95bca2b75cda5401997380f19f012fbfa082a049f068b1cc61112e45782c10a173d26d22448af06a472c23d7595aae8f1a427b88ffc9d64b7d14d922ec56bc0968a71018e54e3d2017ef10453cc60c17ff5b090c9b01e4a97b52258ad0da90ae2234bbd2a9b31a2022222222aff0b10a6ad8cec218609608a48922b0a5c996d137800532103a287d4f04561110112be6158f05a2a488d1fc2c1160b53944785c04c43d0d4c13f3ce1da4b7b88e17eb0f11eb5c7d8f3e8f3c47759478b48ae0eb8e658fd836b1ae6522bc868a65e7ffdd8a181188e56e984b6d6dadad142caac5c0c76bf146b915713535a8aeae46c1d22a0c9d5789c5bb2d38b072259e7cf249f50c2dcff6eddbd5101111119d0f6eb8e10635d4b2c83c3476ec58040505213030502b010101f0f3f3b3155f5f5fdba3b3e2e3e3635724e3d115bb405abc5c04caa9223c8a612d908ac7fc0f804c51312b4f04d2cd22985eafcdaa295e09444f1641f34b1134d571b72d670aa4f2fcd079e380ec62b12e919d42fa8bf0f9940895a3d574410ba422f8668b750d56a70418d62c15db24bbefd5b86439249e4b2c93f2a5152bb3813f5dd97603291111115173f05620adbbed53910878257a18b523c261f21a20b18b089a778b7028e633646e024a6f12cb34f02520f311115e45f8dc28c2a68cbf2505f661548a9637e2df219e6b8e58a7e96a7fcb6722a48a47194633fe0ae4a86941dd45087e0318572a161361d99dd3a6f511111111d1f9c577946ce1bc17e8152b42a1ec7a9744c8cbdd291ecb4578b48847114697ad0422f700e3ef0056894729545ea42402e38257c522a26ed5a340fa415127962b16f56b544f72e652512fa60d4b10cf259ec3280bdfaa0b9f210f88f5886dc8990f84f7d14f0390db15f1143071aa3e0f44604e14db9ba76e2b55ba590c8bc710793eaa2b62fd3bbed107bfced11fa55d6a1f766cd31f89888888c83b7c3344d0cc14015476c78f9317ffac87765fd23532f4ed1021b2bd088ebb808c357af883087293e47d471f021244584cbc41ccfb271166e700618f00a9a381e043c06a1168c7a996d389cf89f01a2472aa58419a08a74699354e84cf31fa054b5a4becbb62b9e9625e79df52315db68cae16cf1b6974e1cb47b1de38791f521f51ff2cf0a78fea4e1770263958045bb14f92bcadd49f3702cb4701d3d3f5bad7ee073e56e19488888888ce3d971735359b6a110445508d11a1d4162c15cb01116045988dca12e156d53596b1f9c6b9a346319f436a14595fa3ce21adaaaa426565252c160b56f21c5222222222ef9d432aa79f8d6290e78fa687d60fa3923c0fb4f30d629a1a77b69e868ad86fad88e3027ff11ce298898327d61d0474e80074ec0874ea0404078be7ea0c74e9028484003d7a00575d055c7d35f0f6db6a0388888888e89cabbba8e92c292905729ed37f052a6b07507a482f799b8169f2579e2603616a5e222222226a7b7cad56fdcaf7e62e86896fe817346113302a5204d01e40f41dc082cf81c435c0b8defa7c92b3f534546a6bf5525303545703555540652560b100274f02c78f03c78ea95f952a07caca44201621f9e04160df3e60f76e60ec58b5014444444474ce9df51652f9534c09b3818d792210aa10b95f0caf7ebcfe2f3f1111111151db73f6032911111111911b0ca444444444e4550ca444444444e4550ca444444444e4550ca444444444e4550ca444444444e4550ca444444444e4550ca444444444e4550ca444444444e4550ca444444444e4550ca444444444e4550ca444444444e4550ca444444444e4550ca444444444e4550ca444444444e4550ca444444444e4550ca444444444e4550ca444444444e4550ca444444444e4550ca444444444e4550ca444444444e4550ca444444444e4550ca444444444e4550ca444444444e4552d3f901e2f40c6fc0770eb55b7e2b95daace95eaffe0e9df5d856ba7aec161554544444444ded5c20369058a0f586029cac29603aa8a888888885a94161e48831136201291bdc3d47803fc6fc19c8ff7e19be5e370a9aa22222222222fd99486b45d3c879488888888bca2026bdeca80450c319012111111d13997377f1412dfd4877d7d7c7c602ba1d390a9d7036539489b3c0cbd2e95d3421111370d19456a9aa514396f2dc4a4db7a61d8fc02a034132962b8b35847e840315f999acfe0665d96433958337f12868575c6b4f515c89c330ca1629ef84579fa0c451998161721eaf46d0c0d8f47caa60a7d5a63d49cc6deff5b863fdf3714d7fe79a3aa044e177e81c26fb6aa31222222a2b6eb5f6fff0bc96b76e387bc0d78fee1f1183a61158aaa0f62d3137fc4a001ddd0f59a5178e6a363dabcdf6d988d3b06f440c78e5761f0a497b0a35aabd6957d8ee7ee1b82ab2ef385afaf2f3a874563fc7295ed5081ac39d18879344b0e61d6353ef05d3d355c4c0846c20bfb612d598638395f990881b1292819bd1af987ad3855908ac8e2348cba4304569905c513860597207773314e15aec6ac9525887f3e1bd91fcc45c4f6344c7c648d7802c5edba2a50511d8690f27c641da840f15b29c8ec1c83e8fea5c8ce2b10d3c446de310a99dd5390576585f5542ea6f5c8c6bc7b539061de694f1c3d0af46d879f36eec4cfaa4ac4519cbef052e0f821354e444444d47675e964c1cebdfb50dd1938f4d50e1c3a7d08ff7eee5f38fafbbfe2dd7f2e4442a7cff0dc438f62dea247b1f2c81d98f7fe46ac49ea8f036b66e26faffca4d6528c171efc3d661f8ac73bdfd7a2b6f247ac1a5e81350fcdc242ed8e48c188793a1be519896238060b765ae13b6e4e2212447cccd869a456206ff90264df918ad4d8100489f1a0fe13913a3906d89386556f95021d4310323c1ad1629aa54b3c163c3e1183fb87203c7622e26245ee3d5482126d4d0dadcb82909e21881918a5cd1b343c15cb66cf457a8115e56f8c43f07111582b821139300621fe72864824c48a79cb0a50bc475bc473175f867e7dfbe10abbeb9fdaa153482f74bdb8ab1a272222226abb860c1f8b0ffef74e5cd9f33a44f491359762e8a3d3f0c71bfbe0b20177e3b17b6f027ef91e41439f45eac45b70ede5d7e2ce27a7608498f3e33d46963c8a8ac340f8a0418894e1cf3f44e43791fd9085e2426d867a7cd13d14a16220d85f2e211523ebd31ce4fd355aefc657a5d72359dad4ac825cedd1d0b973b01a92c210d65b0d6a1ab7aed060f3ba84e004bc5c528ef4074260d9958185938721fe597dd9a6e98a90cbd52011111111b9e7df0eedd4a074458fbee2ff41083257facb1aa0a25a5e9e245d8f399f9461d7bc18edd4cc5573ef42d443696a9a73be052bd39189c1481ca775d60b6265d540ccb3f9b05aadf54af9f3c67c9e688675a9f35323666402c39761f523326113111111d179cb928717eebb0157df390f077a2723f339d93def9a6ffc2b40e2a799481da46a94ac2fb3ebce03b5c943dad2c6b75036795d07566154643c726e4e477ed6cb481e198e60d9754f44444444e7a7ea2d787c482c9e0b4ac6d66dff87bfde3f18214647bc0bbefb735623f92673577938226f0803d62dc4c4a579dabda10ca5afae4271efc6b4509ed9ba4a376522a3743062ee88d49a82cfdc69581a7b31141111111179eee34df8e7d715181a7bb77e0d90077ca7cd98866933e6216d73812d30c63cba0089fd0b9031230a61034761929867d29d5188fb320629c3d54c9fe7429e012a5b3f4b8d9067c941ae3c9f75672eb24bf5aa86d76541deae026dde825df6a135242414c1c8c1eae75621ef5001725e9d85948c6231a51c250773b0ea4df96416941c2e178f79c8dbae9ed4959fbec6379f8bc75d3bf1d569bd0a3886f2a3bfa8612222222242e50ff841c6aaa387f1b32d339dc6a7dbbf148fdfe0ebbcba7b1661ff0168bfe07ea442cf84a1a1e8291e32563e8eac3da5c85b3f0fd35666cb3950529a878c57334c3de759c85c9f031f3164d52b80f0d91f21ff59d56a599a85858fa6206d530e8a118698bb17e0e5e712102693eefa69f049309f9c9a88f49d6148bb669658ad415ec6ff119207884197eb2ac0c29808ccdaa22fa119ba00f959c99037a392f7a9ca98118344d9bada3301b35e494372f532448f13cf1d9b8a556f2462ff0c1fdcb55c9b5937652d2a978e406d6dad7d793719c1ffb352cd24dd8717f68d43f1ddb7e31f07435150a08762222222a2b6ea91279fc403036bf0f0f8a5d8a6ea80683cfe612a7cfe1283a7ccb76e9ff826beecf932063efe89aa90a6626dd5f3085b320663feb61ec5fe919838ef1f58169383f18327213b7c2e56ad4d455c17316b751e1626c461564e7bf858e5d545b0a062c76a243e5581940c230cb60cdae6ab4773a917484591f5353535a8aeae465555152a2b2b61b158b072e54a3c295e00222222a2b64ce6a1b163c7222828088181815a090808809f9f9fadc81bdd1b8fce8af9ce4ab248c6a32beaa7438310dcbd334223235b541825222222a296cfb7549e9bf9d63c8c7fa400a3a6f2964a44444444746ef9c6dc9b82d56583b1f095b9182cfbf38988888888ce21dffcac742c9bae7e9a9388888888e81c53e79012111111117907032911111111791503291111111179150329111111117915032911111111791503291111111179150329111111117915032911111111791503291111111179150329111111117915032911111111791503291111111179150329111111117915032911111111791503291111111179150329111111117915032911111111791503291111111179150329111111117915032911111111791503291111111179150329111111117915032911111111791503291111111179150329111111117915032911111111791503291111111179150329111111117915032911111111791503291111111179150329111111117915032911111111791503291111111179150329111111117915032911111111791503291111111179150329111111117915032911111111791503291111111179150329111111117915032911111111791503291111111179150329111111117915032911111111791503291111111179150329111111117915032911111111791503291111111179150329111111117915032911111111791503291111111179150329111111117915032911111111791503291111111179150329111111117915032911111111791503291111111179150329111111117915032911111111791503291111111179150329111111117915032911111111791503291111111179150329111111117915032911111111791503291111111179150329111111117955ab09a4c52fdf85ee2137e0898f550511111111b5086c212522222222af6a3581346cd23b3854ba1d4ffd4e5510111111518bc0165222222222f22a065222222222f22adfa8501ff8f88422226614e2ffb410056a82a62c07699387a1d7a56a9eb869c82852d35c11cb2cbc375a2de383ce61d118bf3c4f4d042c8772b066fe240c0beb8c69eb2b9039671842c5bae317a979aa8b91316714f4edea8c5e83c763e16715fa3417e43a5f49fd1fc4f68ec5a2ddaaee872ff0f6a287107f753c968a9dfaf9dfa9f8c3753dd1a54b0462e76ec4317d3622222222f232df05795658adc5c89a1e86f203aa562acbc0b4d814948c5e8dfcc3569c2a484564711a46dd310d992ef361b108b0719875281ee907c57aab4ab06a7805d63c340b0b77c9e915a8a80e4348793eb20e54a0f8ad1464768e4174ff5264e7158869795818370ae97d52912d972f49c7b80b33316be428b5bc33fa3a437fdd832de6edf7ef89e0b23c7cf29d057b33e6e28d23b7e3d9ccf7b13ea91f76ae7a0473ff551749ab0ee5aa21222222223ad77ca342e4431042462e40cac820ad52ca5bbe00d977a4223536444c1573f49f88d4c931c09e34ac7aab549fa91e110e0f03e1830623522ee41f828458b10cb2505c28a70723a46708620646c911040d4fc5b2d973915e6045f91be380750b901a320b69f78723c85fcc101283d4e9e345b0cc42da1b59da32f5e9eb8c0ceba9c675415dbbe2f6df0e124316748d998759e307a2dfe5fd70f3f858dc84a3385cf2b33e23bec09e9ddac6111111119117f8c68c9b878c3d166d246e7a22c2b5a162647d9a83bcbf466bddee46e9f5881e0ab30a5cb5284662eea7e5c87f3a46eb465f25bbde1f4a53d3ea0b0d0e5643baec9c4c54bc391e9d4dcfe973679a88b9628b76e489ad722d2424540d390a86ddd3845d813e6a50f3f5172861ff3d11111191d7f82676c9c2ac9b43d1ebb66958a382a96c55443510f36c3eac56d9a56f5fca9f8f53f33961c943dabd5188b82315c57d6621f3b94435a161966a113da7a63b7d4eeb07c90853f335abc3c750ae0689888888e8dcf39df8fc47d85f9c8db9ddb3917873345236ab2942d697d95aeba43d113897bae83eafce42cae0182c0c9a85ec2f3722f5fec108a93b0bc03339b9c81161d85e05d62c5de5645b9ac1a59dd0590d12111111d1b9a7dff6a9633826be9286c4ee79c8d921afb30f47e40d61c0ba8598b8344fb697da94beba0ac5bde579a14e6cc9c49a1d1588891d8710790e6823455f9300ec4843f29c4c949a42a9e5b305c8460cec3bf81d549bb7b211065c8fcb3aaa61222222223ae77cb30ee841ceb23d0b39878211d25d3f1733e6d10548ec5f808c1951081b380a93664cc3a43ba310f7650c52866bb3d4171aaa75aba7af4c41d69e52e4ad9f87692bb3b54925a579c87835031522dee6edd26f2e55b0cb3eec863c908205b140cefc7884f71986f1e239a7dd3b0c114f75c6c4a9ee3aec2dc8fa52de362a0f79dbeb2eb8fae2eb1de2ff9fe08b2f8c0b9880d39f7f839de271e79eed382c43afdf2de813de5d9b4644444444e79eefa481edb58b8742476721fcf96cacba5bb5437649c0b22d1f61c13d83d1fe400656bd9589e29e29487f3ec1754be580642c782e019df3e661d8d038a4552460c10b89480801b2d7a523e88e70ac8a698fa827d4c5514f44a17d8ce9dea7fe91487e371baba7c721d49285354bd3918d38ac5e938c48972dae055838ac036217c8405a81b726f5c0ed0bf760c38c200c7de60b6d8e7767f44670f27bd8fbfc1f70f9ef9fc37651772c7d3606ddf732f68be10b7a0dd1e623222222a273cfc72aaf186ac18ccdb75dfca44a6d6d6dbd22eb6b6a6a505d5d8daaaa2a545656c262b160e5ca9578f2c927b5f510111111b555320f8d1d3b16414141080c0cd44a404000fcfcfc6cc5d7d7d7f6e8acd8ee94a48a643cbac29f0e2522222222af62202522222222af62202522222222af62202522222222af62202522222222af62202522222222af62202522222222af62202522222222af622025222222a2861d7c0b7fbaa62f62fef699aa002c3f6cc3eb4f8ec3e0b099d8a0ea3c61d99581859387a1d76dfa2f7632901211111151137c87ef7e017edaf62ebefe495579a2a200051540f1975928aed6ab5a6720adde841757ec51234444444474c67adc8d57767e8bacff7793aab812fdaeb911fdfbaa514f058723f2a604c40c56e342ab0ca4156fbf850dc7d508111111119dd75a5f20fd7a11c6cefea71a21222222a2f39defa4db7aa1b38f0f7c2eed85e884146414a9298276c2e98c51880a9d868cea6264cc18865e978a7943a3307e691e2cc67c0772b06ace2844870dc3c25d40f1ba691816d6193e3ea1183627131572a6a20c4c53cf153a703cd276688bd691eb17eb880a15ebf7e98c5e83c763e167da92e2094a91f3d642c86d1d36bf0028cd448a5a57b71ba723a34c9fade2c32770f37f3f8a2d62fce339d7a343870ee838f35d7da29d8d48e9d103575d7515aebefa6abcfdf6c7aa9e888888a8edfad7db6f63f0e0c1b875e4743cffe9afaa5638fd33b6ff7309a68e1988846585aad28da2f5981e3f00dd7c7de12b4a68783c5236a95ce7a82c07be218f65a3dc6ac5a92d731156300fa3068b5029c362b50515c1a15a28cd2b2d41d623b390153e11a94f2522067958332306e397178b192db0f8070387b29073e0148ad7a760cdf1f158f669165ebea733b29e198fc427e661da0b254878361b5919c98838b006d39e4a43a9b61542751e16c68d427a9f54641fb4c25a928e71176662d6c8515ac0453510165c82dccdc53855b81ab3569620fef96c647f301711dbd33029798d167a836f7d0a9f96acc55431fcbba777e0e4c99338bee84ef90c0ee2919afb4f3c745327317c3dae89fd9d5e4d444444d486dd3e662c723e791d7f0cf91a2f3df63c3ea8d1eb8f1db5e08acb8ea2f093eff50a77aab7e0d13f8cc6a6ee73915b598bda935f615a8f6cccbb370519ea22269baa02a43db200bea94343b4f1a00113b1fad5b9185c9685d4a757a1d43f0821dd0723bcbf36199173d2b16cea388c9bba0c1f6d4a15a1b402192b5621074108ee1e8ee86ba2b4f942ef48c5dcfbc572dd2331f18989da7cc5017158f69c08b2d7872072e402248e14337e5a805c6d09a062dd02a486cc42dafde108f217152131489d3e1ec1625bd2dec8023a8620647834a2c5244b97782c787c2206f70f4178ec440c8f15cb1f2a4189b6a646b8740892ef1f8deed881b22327542511111151db15e423fe17d817c3068503e5fb70709f5edfe9b22b7059ff1eb8421f75ef78052a8e06e3fa81431122735d50241262454e2c2b40b1e335e7c74330fe9574877348078d42fc4d32206621cbae5535149df5dcaabb3e1113ef118f3b72906deae207daeb81d2d03b0c6277d03e28481f37c879ca64dbaa2e3b2713156f8ed74f1d30ca9d695aab67f18e3cc8765843e7cec16a480a43586f35d814bfbb07137e07941479d0f44c444444d4cad51c3d84357f9b8ee9af6d533526ddbaa2ab1a742b7824561c2ac33b9342f4d33fa7dc8af867b3d444079d3b2358e442878b9a22117e8d7c2c45c921adc285600475548346aa3c03966a113da7a6c36ab5d62f1f248bd879b6f4407c7c3c028eed57e3444444446dd7a6dc126070329ebee74655d344a59bf0f8edbd71f5c399c07f2fc5ea4762d404e79c5f65df251ce103d4b03b62be30d5a57fc6727291e3785e012ab066e92aada5f46ce914773ffa5f52a5c688888888daaee1430762dc7ff5c4857eaaa2290ebc82d137dc819c9bd761f7472f237964b8d60aea8e6f965d08cc416e0e10764f1ce2548d737928c80382874723a68127f044f43509c08e3424cfc944a9697b2c9f2d40366260eea46f7ee1e8d3fb4a354c444444d476b9cda122a379d2315efafebfb1be7410627e1f098793365df29df6a75528903791afb620e79914a45912b1608e631c5d8db427b2502ab7c2528aac276661c181042c786a9c0a8b16141f94677a96a3e470dda65ab6648b4009e4eeccae0b9ad5c528d64e072841b9bacc3ee481142c881571787e3cc2fb0cc3f819d330edde618878aa33264e551df69fe76a1741657d695a97250779221863671e726c97eceb3e7e7f03bef8f6133cbbe05d1c5575ae045cc9404a444444547ef218766d5c8ab48f7e1063c770b8240f6f67ecd6a69dfe623b768ac76f0ab6e16775f53daa7f42f91139b0033bb2f50c18d23544e4c3cfb166d12bc83b54809c5767232543e5c4833958f5a60c6fcaced558b83c07bee1052988b8d0073e3da2905a9c80f42dcb90d045cd64138df08a7988ee21e66b1f8969dbc3b1ead3744cec29a71560614c7bc42f954f94a70dcb7b8516cc1f86f6310b450d50f1e62484064c43c6ae851816d00bb3de93cb656052a80fa6ad1783fe91487e371baba7c721d49285354bd345908dc3ea35c988942db0eba7c167f03ce4c8c5d699d6d53e1af33e1775656bf0c0e5b7e239798b288cc4fdf387a3eb278b717ff2c7b8eefe3b7191ac76c727540d10111111b55d5bb276627be8783cfdd07084773e849c0dbb31e0ceab51f8e21f1136fa452d901e5d9b84fe0969f856fcb774441f24ca2c872ff0b79860dcbe700f30e229ac9c763dcafff10086ddf238b27a2663f553e310d9a518596fe622eaee48b900129ecbc7ea07c250fc7c027cacf2ca2137321ef2c1a8e58948b78aa0aaeace27c6e6db2e8252a5b6b6b65e91f5353535a8aeae465555152a2b2b61b158b072e54a3cf9e493da7a88888888da2a9987c68e1d8ba0a0200406066a252020007e7e7eb6226f746f3c3a2bb63b26a922198faeb4cadfb227222222a296c37d20b5e4a140bb8169ddf99e4444444444cdc97520d5ced18c42ca1639a29fefa9fd8e3c111111115133721d480724e32387f3323f9a2d7f778988888888a8f9f01c5222222222f22a065222222222f22a065222222222f22a065222222222f22a065222222222f22a065222222222f22a065222222222f22a065222222222f22a065222222222f22a065222222222f22a065222222222f22a065222222222f22a065222222222f22a065222222222f22a065222222222f22a065222222222f22a065222222222f22a065222222222f22a065222222222f22a065222222222f22a065222222222f22a065222222222f22a065222222222f22a065222222222f22a065222222222f22a065222222222f22a065222222222f22a065222222222f22a065222222222f22a065222222222f22a065222222222f22a065222222222f22a065222222222f22a065222222222f22a065222222222f22a065222222222f22a065222222222f22a065222222222f22a065222222222f22a065222222222f22a065222222222f22a065222222222f22a065222222222f222e0ff03857a72f8a7da496f0000000049454e44ae426082, 'doctor', '2024-01-05 10:43:53', 0, 0, '');

-- --------------------------------------------------------

--
-- Table structure for table `vaccineinventory`
--

CREATE TABLE `vaccineinventory` (
  `vacid` int(11) NOT NULL,
  `vac_name` varchar(11) NOT NULL,
  `vac_desc` varchar(40) NOT NULL,
  `stocks` int(11) NOT NULL,
  `administered` int(11) NOT NULL,
  `req_dose` int(11) NOT NULL,
  `lower_limit` varchar(11) NOT NULL,
  `upper_limit` varchar(11) NOT NULL,
  `exp_date` date DEFAULT NULL,
  `active` int(11) DEFAULT 1,
  `batch_no` varchar(20) DEFAULT NULL,
  `vaccine_type` varchar(50) NOT NULL
) ENGINE=InnoDB DEFAULT CHARSET=utf8mb4 COLLATE=utf8mb4_general_ci;

--
-- Dumping data for table `vaccineinventory`
--

INSERT INTO `vaccineinventory` (`vacid`, `vac_name`, `vac_desc`, `stocks`, `administered`, `req_dose`, `lower_limit`, `upper_limit`, `exp_date`, `active`, `batch_no`, `vaccine_type`) VALUES
(1, 'BCG', 'P Tubercolosis', 499, 3, 1, '0 weeks', '8 weeks', '2025-03-02', 1, '2', ''),
(2, 'HepB1', 'P Hepatitis B', 195, 5, 1, '0 weeks', '4 weeks', '2025-01-01', 1, '1', ''),
(3, 'HepB2', 'P Hepatitis B', 199, 1, 1, '8 weeks', '12 weeks', '2025-01-01', 1, '1', ''),
(4, 'HepB3', 'P Hepatitis B', 200, 0, 1, '24 weeks', '32 weeks', '2025-01-01', 1, '1', ''),
(5, 'DTaP1', 'Diphtheria,Tetanus, Pertussis', 196, 4, 1, '6 weeks', '10 weeks', '2025-02-05', 1, '1', ''),
(6, 'DTaP2', 'Diphtheria,Tetanus, Pertussis', 200, 0, 1, '10 weeks ', '14 weeks', '2025-02-05', 1, '1', ''),
(7, 'HiB1', 'P Haemophilus Influenza', 198, 2, 1, '6 weeks', '10 weeks', '2025-03-02', 1, '1', ''),
(8, 'HiB2', 'P Haemophilus Influenza', 200, 0, 1, '10 weeks', '16 weeks', '2025-03-02', 1, '1', ''),
(9, 'IPV1', 'P Polio', 198, 2, 1, '6 weeks', '12 weeks', '2025-01-01', 1, '1', ''),
(10, 'IPV2', 'P Polio', 200, 0, 1, '12 weeks', '24 weeks', '2025-01-01', 1, '1', ''),
(11, 'IPV3', 'P Polio', 200, 0, 1, '24 weeks', '36 weeks', '2025-01-01', 1, '1', ''),
(12, 'PCV1', 'P Pneumonia, Meningitis', 198, 2, 1, '6 weeks', '12 weeks', '2025-06-03', 1, '1', ''),
(13, 'PCV2', 'P Pneumonia, Meningitis', 200, 0, 1, '16 weeks', '24 weeks', '2025-06-03', 1, '1', ''),
(14, 'Rotavirus1', 'P Diarrhea', 499, 3, 1, '6 weeks', '12 weeks', '2025-04-01', 1, '2', ''),
(15, 'Rotavirus2', 'P Diarrhea', 200, 0, 1, '12 weeks', '24 weeks', '2025-04-01', 1, '1', ''),
(16, 'MMR', 'P Measles, Mumps, Rubella', 200, 0, 1, '12 weeks', '20 weeks', '2026-01-02', 1, '1', ''),
(17, 'Influenza', 'P Seasonal Flu', 200, 0, 1, '24 weeks ', '32 weeks', '2026-01-05', 1, '1', ''),
(18, 'HepA1', 'P Hepatitis A', 200, 0, 1, '24 weeks ', '32 weeks', '2025-02-05', 1, '1', ''),
(19, 'HepA2', 'P Hepatitis A', 200, 0, 1, '32 weeks', '48 weeks', '2025-02-05', 1, '1', ''),
(20, 'DTaP3', 'P Hepatitis B', 200, 0, 1, '24 weeks', '32 weeks', '2025-02-05', 1, '1', ''),
(21, 'Rotavirus3', 'P Diarrhea', 200, 0, 1, '24 weeks', '32 weeks', '2025-04-01', 1, '1', ''),
(22, 'HiB3', 'P Haemophilus Influenza', 200, 0, 1, '24 weeks', '32 weeks', '2025-03-02', 1, '1', ''),
(23, 'PCV3', 'P Pneumonia, Meningitis', 200, 0, 1, '24 weeks', '32 weeks', '2025-06-03', 1, '1', ''),
(24, 'MMR2', 'P Measles, Mumps, Rubella', 200, 0, 1, '24 weeks', '32 weeks', '2026-01-02', 1, '1', ''),
(25, 'Influenza2', 'P Seasonal Flu', 200, 0, 1, '36 weeks', '48 weeks', '2026-01-05', 1, '1', '');

-- --------------------------------------------------------

--
-- Table structure for table `vaccine_def`
--

CREATE TABLE `vaccine_def` (
  `vacid` int(11) NOT NULL,
  `newbatch_no` varchar(30) NOT NULL,
  `stocks` int(11) DEFAULT NULL,
  `expiration_date` date DEFAULT NULL,
  `date_created` timestamp NULL DEFAULT current_timestamp(),
  `active_stat` int(1) NOT NULL DEFAULT 1
) ENGINE=InnoDB DEFAULT CHARSET=utf8mb4 COLLATE=utf8mb4_general_ci;

--
-- Dumping data for table `vaccine_def`
--

INSERT INTO `vaccine_def` (`vacid`, `newbatch_no`, `stocks`, `expiration_date`, `date_created`, `active_stat`) VALUES
(1, '2', 500, '2024-02-10', '2024-01-14 09:06:06', 1),
(1, '3', 300, '2024-01-27', '2024-01-14 09:10:22', 1),
(14, '2', 500, '2024-01-14', '2024-01-14 09:24:16', 0);

--
-- Indexes for dumped tables
--

--
-- Indexes for table `appointmenttable`
--
ALTER TABLE `appointmenttable`
  ADD PRIMARY KEY (`appt_id`),
  ADD KEY `userid` (`userid`),
  ADD KEY `cid` (`cid`),
  ADD KEY `vacid` (`vacid`) USING BTREE;

--
-- Indexes for table `childtable`
--
ALTER TABLE `childtable`
  ADD PRIMARY KEY (`cid`),
  ADD KEY `userid` (`userid`);

--
-- Indexes for table `reset_pass`
--
ALTER TABLE `reset_pass`
  ADD PRIMARY KEY (`id`);

--
-- Indexes for table `usertable`
--
ALTER TABLE `usertable`
  ADD PRIMARY KEY (`userid`);

--
-- Indexes for table `vaccineinventory`
--
ALTER TABLE `vaccineinventory`
  ADD PRIMARY KEY (`vacid`);

--
-- AUTO_INCREMENT for dumped tables
--

--
-- AUTO_INCREMENT for table `appointmenttable`
--
ALTER TABLE `appointmenttable`
  MODIFY `appt_id` int(11) NOT NULL AUTO_INCREMENT, AUTO_INCREMENT=23;

--
-- AUTO_INCREMENT for table `childtable`
--
ALTER TABLE `childtable`
  MODIFY `cid` int(11) NOT NULL AUTO_INCREMENT, AUTO_INCREMENT=113;

--
-- AUTO_INCREMENT for table `reset_pass`
--
ALTER TABLE `reset_pass`
  MODIFY `id` int(11) NOT NULL AUTO_INCREMENT, AUTO_INCREMENT=43;

--
-- AUTO_INCREMENT for table `usertable`
--
ALTER TABLE `usertable`
  MODIFY `userid` int(11) NOT NULL AUTO_INCREMENT, AUTO_INCREMENT=44;
COMMIT;

/*!40101 SET CHARACTER_SET_CLIENT=@OLD_CHARACTER_SET_CLIENT */;
/*!40101 SET CHARACTER_SET_RESULTS=@OLD_CHARACTER_SET_RESULTS */;
/*!40101 SET COLLATION_CONNECTION=@OLD_COLLATION_CONNECTION */;
