-- phpMyAdmin SQL Dump
-- version 5.2.1
-- https://www.phpmyadmin.net/
--
-- Host: 127.0.0.1
-- Generation Time: Nov 23, 2023 at 05:33 PM
-- Server version: 10.4.28-MariaDB
-- PHP Version: 8.0.28

SET SQL_MODE = "NO_AUTO_VALUE_ON_ZERO";
START TRANSACTION;
SET time_zone = "+00:00";


/*!40101 SET @OLD_CHARACTER_SET_CLIENT=@@CHARACTER_SET_CLIENT */;
/*!40101 SET @OLD_CHARACTER_SET_RESULTS=@@CHARACTER_SET_RESULTS */;
/*!40101 SET @OLD_COLLATION_CONNECTION=@@COLLATION_CONNECTION */;
/*!40101 SET NAMES utf8mb4 */;

--
-- Database: `vaccunadb_v1`
--

-- --------------------------------------------------------

--
-- Table structure for table `appointmenttable`
--

CREATE TABLE `appointmenttable` (
  `appt_id` int(11) NOT NULL,
  `userid` int(11) NOT NULL,
  `cid` int(11) NOT NULL,
  `vacid` int(11) NOT NULL,
  `appt_time` time DEFAULT NULL,
  `appt_date` date NOT NULL,
  `dose` int(11) NOT NULL,
  `child_name` varchar(50) NOT NULL,
  `guardian_name` varchar(50) NOT NULL,
  `contact_number` varchar(50) DEFAULT NULL,
  `age` varchar(50) DEFAULT NULL,
  `email` varchar(50) NOT NULL,
  `appointment_status` int(11) DEFAULT 0,
  `vaccine_administer` varchar(100) DEFAULT NULL,
  `for_reason` varchar(50) DEFAULT NULL,
  `status_desc` varchar(100) NOT NULL
) ENGINE=InnoDB DEFAULT CHARSET=utf8mb4 COLLATE=utf8mb4_general_ci;

--
-- Dumping data for table `appointmenttable`
--

INSERT INTO `appointmenttable` (`appt_id`, `userid`, `cid`, `vacid`, `appt_time`, `appt_date`, `dose`, `child_name`, `guardian_name`, `contact_number`, `age`, `email`, `appointment_status`, `vaccine_administer`, `for_reason`, `status_desc`) VALUES
(1, 35, 109, 1, NULL, '2023-11-02', 1, 'Katarina Yi Master', 'Jonny Wilson', '09987414131 ', NULL, 'jw@gmail.com ', 2, NULL, NULL, ''),
(2, 35, 109, 2, NULL, '2023-11-09', 1, 'Katarina Yi Master', 'Jonny Wilson', '09987414131 ', NULL, 'jw@gmail.com ', 2, NULL, NULL, '');

-- --------------------------------------------------------

--
-- Table structure for table `business_day`
--

CREATE TABLE `business_day` (
  `business_day_id` text NOT NULL,
  `available_date` date NOT NULL,
  `time_from` time DEFAULT NULL,
  `time_to` time DEFAULT NULL,
  `description` varchar(250) DEFAULT NULL
) ENGINE=InnoDB DEFAULT CHARSET=utf8mb4 COLLATE=utf8mb4_general_ci;

--
-- Dumping data for table `business_day`
--

INSERT INTO `business_day` (`business_day_id`, `available_date`, `time_from`, `time_to`, `description`) VALUES
('170086680017007246001700739000', '2023-11-25', '08:30:00', '12:30:00', 'Basilyo'),
('170086680017007246001700753400', '2023-11-25', '08:30:00', '04:30:00', 'Smuft');

-- --------------------------------------------------------

--
-- Table structure for table `childtable`
--

CREATE TABLE `childtable` (
  `cid` int(11) NOT NULL,
  `userid` int(11) NOT NULL,
  `child_firstname` varchar(60) NOT NULL,
  `child_lastname` varchar(60) NOT NULL,
  `child_middlename` varchar(60) NOT NULL,
  `birthdate` date NOT NULL,
  `mothername` varchar(60) NOT NULL,
  `fathername` varchar(60) NOT NULL,
  `child_age` int(11) NOT NULL,
  `gender` varchar(20) DEFAULT NULL
) ENGINE=InnoDB DEFAULT CHARSET=utf8mb4 COLLATE=utf8mb4_general_ci;

--
-- Dumping data for table `childtable`
--

INSERT INTO `childtable` (`cid`, `userid`, `child_firstname`, `child_lastname`, `child_middlename`, `birthdate`, `mothername`, `fathername`, `child_age`, `gender`) VALUES
(108, 35, 'Nunu', 'Willump', 'And', '2023-11-01', 'Zed', 'Yasuo', 0, 'Male'),
(109, 35, 'Katarina', 'Master', 'Yi', '2023-11-01', 'Ze', 'Zi', 0, 'Male'),
(110, 35, 'Filipino', 'Battousai', 'Reverse', '2023-11-01', 'Sword', 'Tchnique', 0, 'Male');

-- --------------------------------------------------------

--
-- Table structure for table `child_vaccine_status`
--

CREATE TABLE `child_vaccine_status` (
  `cvax_status_id` int(11) NOT NULL,
  `cid` int(11) NOT NULL,
  `vac_name` varchar(50) NOT NULL,
  `dosage_status` int(11) NOT NULL DEFAULT 0 COMMENT '0 - none \r\n1 = 1st dose \r\n2 = 2nd dose',
  `status` int(11) NOT NULL DEFAULT 0,
  `recommended_age` varchar(100) NOT NULL DEFAULT 'No',
  `reco_age` varchar(1000) NOT NULL
) ENGINE=InnoDB DEFAULT CHARSET=utf8mb4 COLLATE=utf8mb4_general_ci;

--
-- Dumping data for table `child_vaccine_status`
--

INSERT INTO `child_vaccine_status` (`cvax_status_id`, `cid`, `vac_name`, `dosage_status`, `status`, `recommended_age`, `reco_age`) VALUES
(0, 108, 'BCG', 0, 0, 'No', 'BCG vaccine should be given shortly after birth'),
(0, 108, 'HepB1', 0, 0, 'No', 'First vaccine Hepatitis B should be given after birth'),
(0, 108, 'HepB2', 0, 0, 'No', 'Second vaccine Hepatitis B should be given 1 month after the first dose was taken'),
(0, 108, 'HepB3', 0, 0, 'No', 'Third vaccine Hepatitis B should be given 6 months after the second dose was taken'),
(0, 108, 'DTaP1', 0, 0, 'No', 'First DTaP vaccine should be given 6 weeks after birth'),
(0, 108, 'DTaP2', 0, 0, 'No', 'Second DTaP vaccine should be given 10 weeks after the first dose was taken'),
(0, 108, 'HiB1', 0, 0, 'No', 'First HiB vaccine should be given 6 weeks after birth'),
(0, 108, 'HiB2', 0, 0, 'No', 'Second HiB vaccine should be given 10 weeks after the first dose was taken'),
(0, 108, 'IPV1', 0, 0, 'No', 'First IPV vaccine should be given 6 weeks after birth'),
(0, 108, 'IPV2', 0, 0, 'No', 'Second IPV vaccine should be given 10 weeks after the first dose was taken'),
(0, 108, 'IPV3', 0, 0, 'No', 'Third IPV vaccine should be 14 weeks after the second dose was taken'),
(0, 108, 'PCV1', 0, 0, 'No', 'First PCV vaccine should be given 6 weeks after birth'),
(0, 108, 'PCV2', 0, 0, 'No', 'Second PCV vaccine should be given 10 weeks after the first dose was taken'),
(0, 108, 'Rotavirus1', 0, 0, 'No', 'First  Rotavirus vaccine should be given 6 weeks after birth'),
(0, 108, 'Rotavirus2', 0, 0, 'No', 'Second Rotavirus vaccine should be given 10 weeks after the first dose was taken'),
(0, 108, 'MMR', 0, 0, 'No', 'First MMR vaccine should be given 9 months after birth'),
(0, 108, 'Influenza', 0, 0, 'No', 'First Influenza vaccine should be given 6 months after birth'),
(0, 108, 'HepA1', 0, 0, 'No', 'First Hepa vaccine should be given 12 months after birth'),
(0, 108, 'HepA2', 0, 0, 'No', 'Second Hepa vaccine should be given 6 weeks after the first dose was taken'),
(0, 108, 'DTaP3', 0, 0, 'No', 'Third DTaP vaccine should be 14 weeks after the second dose was taken'),
(0, 108, 'Rotavirus3', 0, 0, 'No', 'Third  Rotavirus vaccine should be 14 weeks after the second dose was taken'),
(0, 108, 'HiB3', 0, 0, 'No', 'Third HiB vaccine should be 14 weeks after the second dose was taken'),
(0, 108, 'PCV3', 0, 0, 'No', 'Third PCV vaccine should be 14 weeks after the second dose was taken'),
(0, 108, 'MMR2', 0, 0, 'No', 'Second MMR vaccine should be given 2 years after the first dose was taken'),
(0, 108, 'Influenza2', 0, 0, 'No', 'Second Influenza vaccine should be given 4 weeks after the first dose was taken'),
(0, 108, 'Influenza2', 0, 0, 'No', 'Second Influenza vaccine should be given 4 weeks after the first dose was taken'),
(0, 109, 'BCG', 1, 2, '1st dose', 'BCG vaccine should be given shortly after birth'),
(0, 109, 'HepB1', 1, 2, '1st dose', 'First vaccine Hepatitis B should be given after birth'),
(0, 109, 'HepB2', 0, 0, 'No', 'Second vaccine Hepatitis B should be given 1 month after the first dose was taken'),
(0, 109, 'HepB3', 0, 0, 'No', 'Third vaccine Hepatitis B should be given 6 months after the second dose was taken'),
(0, 109, 'DTaP1', 0, 0, 'No', 'First DTaP vaccine should be given 6 weeks after birth'),
(0, 109, 'DTaP2', 0, 0, 'No', 'Second DTaP vaccine should be given 10 weeks after the first dose was taken'),
(0, 109, 'HiB1', 0, 0, 'No', 'First HiB vaccine should be given 6 weeks after birth'),
(0, 109, 'HiB2', 0, 0, 'No', 'Second HiB vaccine should be given 10 weeks after the first dose was taken'),
(0, 109, 'IPV1', 0, 0, 'No', 'First IPV vaccine should be given 6 weeks after birth'),
(0, 109, 'IPV2', 0, 0, 'No', 'Second IPV vaccine should be given 10 weeks after the first dose was taken'),
(0, 109, 'IPV3', 0, 0, 'No', 'Third IPV vaccine should be 14 weeks after the second dose was taken'),
(0, 109, 'PCV1', 0, 0, 'No', 'First PCV vaccine should be given 6 weeks after birth'),
(0, 109, 'PCV2', 0, 0, 'No', 'Second PCV vaccine should be given 10 weeks after the first dose was taken'),
(0, 109, 'Rotavirus1', 0, 0, 'No', 'First  Rotavirus vaccine should be given 6 weeks after birth'),
(0, 109, 'Rotavirus2', 0, 0, 'No', 'Second Rotavirus vaccine should be given 10 weeks after the first dose was taken'),
(0, 109, 'MMR', 0, 0, 'No', 'First MMR vaccine should be given 9 months after birth'),
(0, 109, 'Influenza', 0, 0, 'No', 'First Influenza vaccine should be given 6 months after birth'),
(0, 109, 'HepA1', 0, 0, 'No', 'First Hepa vaccine should be given 12 months after birth'),
(0, 109, 'HepA2', 0, 0, 'No', 'Second Hepa vaccine should be given 6 weeks after the first dose was taken'),
(0, 109, 'DTaP3', 0, 0, 'No', 'Third DTaP vaccine should be 14 weeks after the second dose was taken'),
(0, 109, 'Rotavirus3', 0, 0, 'No', 'Third  Rotavirus vaccine should be 14 weeks after the second dose was taken'),
(0, 109, 'HiB3', 0, 0, 'No', 'Third HiB vaccine should be 14 weeks after the second dose was taken'),
(0, 109, 'PCV3', 0, 0, 'No', 'Third PCV vaccine should be 14 weeks after the second dose was taken'),
(0, 109, 'MMR2', 0, 0, 'No', 'Second MMR vaccine should be given 2 years after the first dose was taken'),
(0, 109, 'Influenza2', 0, 0, 'No', 'Second Influenza vaccine should be given 4 weeks after the first dose was taken'),
(0, 110, 'BCG', 0, 0, '1st dose', 'BCG vaccine should be given shortly after birth'),
(0, 110, 'HepB1', 0, 0, '1st dose', 'First vaccine Hepatitis B should be given after birth'),
(0, 110, 'HepB2', 0, 0, 'No', 'Second vaccine Hepatitis B should be given 1 month after the first dose was taken'),
(0, 110, 'HepB3', 0, 0, 'No', 'Third vaccine Hepatitis B should be given 6 months after the second dose was taken'),
(0, 110, 'DTaP1', 0, 0, 'No', 'First DTaP vaccine should be given 6 weeks after birth'),
(0, 110, 'DTaP2', 0, 0, 'No', 'Second DTaP vaccine should be given 10 weeks after the first dose was taken'),
(0, 110, 'HiB1', 0, 0, 'No', 'First HiB vaccine should be given 6 weeks after birth'),
(0, 110, 'HiB2', 0, 0, 'No', 'Second HiB vaccine should be given 10 weeks after the first dose was taken'),
(0, 110, 'IPV1', 0, 0, 'No', 'First IPV vaccine should be given 6 weeks after birth'),
(0, 110, 'IPV2', 0, 0, 'No', 'Second IPV vaccine should be given 10 weeks after the first dose was taken'),
(0, 110, 'IPV3', 0, 0, 'No', 'Third IPV vaccine should be 14 weeks after the second dose was taken'),
(0, 110, 'PCV1', 0, 0, 'No', 'First PCV vaccine should be given 6 weeks after birth'),
(0, 110, 'PCV2', 0, 0, 'No', 'Second PCV vaccine should be given 10 weeks after the first dose was taken'),
(0, 110, 'Rotavirus1', 0, 0, 'No', 'First  Rotavirus vaccine should be given 6 weeks after birth'),
(0, 110, 'Rotavirus2', 0, 0, 'No', 'Second Rotavirus vaccine should be given 10 weeks after the first dose was taken'),
(0, 110, 'MMR', 0, 0, 'No', 'First MMR vaccine should be given 9 months after birth'),
(0, 110, 'Influenza', 0, 0, 'No', 'First Influenza vaccine should be given 6 months after birth'),
(0, 110, 'HepA1', 0, 0, 'No', 'First Hepa vaccine should be given 12 months after birth'),
(0, 110, 'HepA2', 0, 0, 'No', 'Second Hepa vaccine should be given 6 weeks after the first dose was taken'),
(0, 110, 'DTaP3', 0, 0, 'No', 'Third DTaP vaccine should be 14 weeks after the second dose was taken'),
(0, 110, 'Rotavirus3', 0, 0, 'No', 'Third  Rotavirus vaccine should be 14 weeks after the second dose was taken'),
(0, 110, 'HiB3', 0, 0, 'No', 'Third HiB vaccine should be 14 weeks after the second dose was taken'),
(0, 110, 'PCV3', 0, 0, 'No', 'Third PCV vaccine should be 14 weeks after the second dose was taken'),
(0, 110, 'MMR2', 0, 0, 'No', 'Second MMR vaccine should be given 2 years after the first dose was taken'),
(0, 110, 'Influenza2', 0, 0, 'No', 'Second Influenza vaccine should be given 4 weeks after the first dose was taken'),
(0, 110, 'Influenza2', 0, 0, 'No', 'Second Influenza vaccine should be given 4 weeks after the first dose was taken');

-- --------------------------------------------------------

--
-- Table structure for table `reset_pass`
--

CREATE TABLE `reset_pass` (
  `id` int(11) NOT NULL,
  `email` varchar(255) NOT NULL,
  `rpass` varchar(60) NOT NULL,
  `code` mediumint(50) NOT NULL
) ENGINE=InnoDB DEFAULT CHARSET=utf8mb4 COLLATE=utf8mb4_general_ci;

--
-- Dumping data for table `reset_pass`
--

INSERT INTO `reset_pass` (`id`, `email`, `rpass`, `code`) VALUES
(38, 'percii6027@gmail.com', '', 339356),
(39, 'danncoloma123@gmail.com', '', 969306),
(40, 'daxxcoloma123@gmail.com', '', 198183);

-- --------------------------------------------------------

--
-- Table structure for table `usertable`
--

CREATE TABLE `usertable` (
  `userid` int(11) NOT NULL,
  `firstname` varchar(60) NOT NULL,
  `lastname` varchar(60) NOT NULL,
  `user_email` varchar(60) NOT NULL,
  `username` varchar(60) NOT NULL,
  `phonenumber` varchar(60) NOT NULL,
  `token_verified` varchar(100) NOT NULL,
  `status_verified` tinyint(2) NOT NULL DEFAULT 0 COMMENT '0- not verified 1-verified',
  `password` varchar(60) NOT NULL,
  `image` longblob NOT NULL,
  `usertype` varchar(6) NOT NULL,
  `datecreated` timestamp NOT NULL DEFAULT current_timestamp(),
  `is_notified` int(11) DEFAULT 0 COMMENT '0 - not notified\r\n1 - notified',
  `code` mediumint(50) NOT NULL,
  `status` varchar(12) NOT NULL
) ENGINE=InnoDB DEFAULT CHARSET=utf8mb4 COLLATE=utf8mb4_general_ci;

--
-- Dumping data for table `usertable`
--

INSERT INTO `usertable` (`userid`, `firstname`, `lastname`, `user_email`, `username`, `phonenumber`, `token_verified`, `status_verified`, `password`, `image`, `usertype`, `datecreated`, `is_notified`, `code`, `status`) VALUES
(31, 'Harold Angelo', 'Talagtag', 'hatalagtag@gmail.com', 'Harold Angelo', '09984143408', '9550cd7d09b0dde7d17b931ea88c14f8', 1, 'e10adc3949ba59abbe56e057f20f883e', 0x6d616c652d69636f6e2d31352e706e67, 'admin', '2023-09-25 07:00:00', 0, 0, ''),
(35, 'Jonny', 'Wilson', 'jw@gmail.com', 'jwbushbush', '09987414131', '47234f4683e34a537fe0a43134065fe286', 1, '827ccb0eea8a706c4c34a16891f84e7b', 0x53637265656e73686f7420323032332d30372d3239203133323031382e706e67, 'parent', '2023-10-13 07:00:00', 0, 0, ''),
(36, 'Dan Xavier', 'Coloma', 'percii6027@gmail.com', 'Danxx', '09876543211', '9550cd7d09b0dde7d17b931ea88c14f8', 1, 'e10adc3949ba59abbe56e057f20f883e', 0x89504e470d0a1a0a0000000d4948445200000140000001c4080600000048b1f3640000180449444154789ceddd6f8ca55741c7f16f6fa7c3b0aeeb5ad6b1ae6b539b5297a5aea50122480a166c9a5a9a429418236a6a448284a01283f1cf0b8c4125a612f50569081a2c444d8301b1945afed89442a195424bb7a4dd966e77296559b6dbe9767676e6d617e7deec74b8b3779e33cfbde73ce77c3fc9c96c3bbb73cf9c7bceef39e779cef35c902449922449922449922449922449922449922449922449cac819a92ba0aacc00dbd69419e0d89ab298aa82aa8b01a849e901e70297002f1b7c3d1f981b7c6f5800faabca327008b81bb80bf80af04d60698a7597a40deb015b8079e052e03ae061e024b0023c1b595606e5bbc08781ab815dc0564e85a714cd19a0366b3bb01bb81c783db017989dd06bf581fdc0a7818f01f7024f0cfebf244dcd76e055c07b8103c4cff262cb93c007812b819d382394340573c02b09c1771f9b5be26eb6ac000781eb81ab08a12c4913310fbc0db803788674c1b7b69c041e00fe9270a1c5d9a0a4d6f4803d8425e741d2cefa4e57be0f7c02b88cb0bd469236ed4ae01ef29af59d6e36f830f08e89b484a46acc006f24ccac52075bd3f234f06784739692d4c856e0ad7433fc5687e07584739792b4216703ef02be4dfa10db6c7912f827c25d29d2739c99ba02cace36e037813f24ecafebbae7012f04ce02be0e2ca4ad8ea45ccd12cef9dd47fa995bdbe520f07642c04bd273f4809702b791ef3697cd9607081ba62775ab9ea48eda09dc089c207d504daaac005f022e6aa9cd2415601678376587dfea10fc106e8f9134b09b70b53475384d3304af6ca5e52475da1cf051d287d2b4cb5d84ed3e922a763561c370ea409a763901fc31de332c556b27702be55ef51d57ee032ede742baab37c6c50ddde4808805afbc179c09b715b4cb56aedf80ab786bd9eba1f22ba85f019267b535744691880f5ba8cb01faef63e70217005b643957cd3ebb41d782d704eea8a64601bf00ac293a4551903b04e7b094f78f6fd0ff6e0c5902a3900ea74013e1e6ab59d8436714b4c650cc0facc1096be6e023e6516f8497c524c750cc0fa6c017e0cdffbb576109e82ad8a3808ea3387037d94ad8483832a6200d667169f8432ca1c9e03ac8e01589f19bcf36194590cc0ea1880f5e9e1fb3e8aed5221dff0fa38d047b35d2ae41b5e27dff71f649b54c8375d52b50c4049d532002555cb00ac533f750532649b54c800ac4f1f07bb04188035320047b35d2a6400d66719584a5d890c2d630056c700accf12b098ba12195a2284a02a6200d667113896ba12193a8e0786ea1880f5390e7c0f673b6b1dc300ac8e01589f65e0107034754532730467c6d53100ebb41f7834752532b2041c0016525744d36500d6e95ee01b78d573e811e09bd81ed53100eb7404b80d7822754532d0271c10be96ba229a3e03b05e9f01f6e1ace728703bf058ea8a68fa0cc07aed076ea1eef35e7dc241e0537820a8920158af3ef0ef84f35fb55a006e229cff53850cc0baed07fe8d7a6f8ddb0f7c04f7444ad59a071e009eadac3c03bc0d270152f5ae0556481f4ad32c9fc70f42974408824f504f087e0fb8b8959693d4793de0e78187491f4e932e4f01efc60f87177066ea0a280bcf12f6c39d045e0e3c3f6d75266609f818f0b7c09389eb222933bb80eb09170852cfd4da2e2bc0adc04bf1c287a4117a8473639f24cc065387569be52ee04a5cfa4a3a8d19e035c01d947351e47ee04d78d557d206cc02af03ee237d786db63c4c08bfb9565b4852d17a840b22f7d0cd99e00a61e677199ef39314e97cc2a6e1a7491f6a1b2dcf101ef7b56702ed21a932e7021f000e923edcc6958383ba9e3b91969054a5b309f7cede419edb649e263cd7efad83ba4a52abe6805702d701df228f73832bc043c0fb08e72cbdd82169a2e6097bea3e44b8a32255f87d9fb0dcbd1cd831d1df589256e901e710aeb27e94708fedb482ef29e006c27ec579bcca2b29911eb01db804f83bc2bebb15da5f1eaf00df26ccf85e3a784d834f9b7246ea0aa838db804b813710ce176e276cac9e199451a1d5e7d46772f4094f681e9605e02b84dbf3fe073fc94e2d320035497384bd7817003b8117106e471b06e230ec1607e569e038e1c93487091fdebe7ff03d499224499224499224491be15560ad67bd3d761bd97b37a9fd79fdf17f65e4dfd9c8bf53850cc072acde6bb77acfddf0eb7a8535ffbdf667acfdb9bd757eeedaff66c49f9b5abb3f7075595ee7bf974794a5555fd7febc513f7bedcf1ff5f30cd5021880dd3443d8703c3f28db075fcf067e64f0bdad83b285b01f6ff87576d5d761b8adfe73e97757f4796e200ecbe2aaaf8b84fd88c3b2001c23dcf77c84b019fbc8aa3f1f1efc5b758c01d82de700bb810b8117113619ef266c329e4958af1a3d013c08ec237c74c03707e5110cc3ce3000f3374308bad7002f032e22dc59b135619df45c4bc0638430fc1ae109da5f24dcd1a28c1980f99a23dcf4ff06c273eef6e0833ebb60893033bc17b809f814f078d21a695d06607e6680bdc0ef121e35b50b3fceb18b9609e706ef253cbaeb3f7146289dd6d9c07b099f6b7182f44f5bb6b4f318af27815b08a7313c572bad327c9ede9b8003a41fb096c986e187081fd86410aa7a7384e5eef5e4f9414396c9947b805fc173bac99d99ba0215db0e5c05bc07f865c23e3cd5e1c709cbe139c2d5e3ef138251536600a6b113f81de08f809fa3fccdc7fa413f4478ef77018780ef1096c89a220370face05fe14b816f8a9c475515acf236c6abf9010828f62084e9501385dbb80bf27ecedfbd1c475511ece241c145f42580e3f88f719ab40f3c0adb8bdc5b27e3948382f2c15e55ce066e024e9079925eff23de06adc2633152e8127ef7ce01f805fc24eadf19e0fbc9af069780fe139c1893200276b17f017c0eb0927bca58df861e067091f32ff0886e0c4188093b303f87de0cd84e7f3494dbc00f869e001c2b9412f8c4c800138195b08577adf4978869fd4d419840dd3f384476c3d91b63a653200dbd7233cc6ea3dc0cf24ae8bbaed4cc25ed1b380bb094fa6568b0cc0f6bd00f86be0527cdc9836ef2ce0858465f0bd84c76c4959ea016fc7bd7e96f6cb01c28333d4226728edda0d7c191f57afc9f81c6147814be196b8046ecf16c26d6e2f495d1115eb3cc2d698bb13d7a3183e85a43daf03ae485d0915ef0f087716a90506603be681dfc3cfeed0e49d4f78949a63b70536623bae002ec15bdd3479b38407265c98ba22253000376f9e70627a47ea8aa80a3dc22cf09ad415298101b87997e2ec4fd3b58df0c0845da92bd27506e0e66c057e9170754e9a961eb08770f0d52618809b731161f6673b6ada7601bf807b4e37c5811b6f06b898702496a6ad4738007b3164130cc0783b089b9e7dd49552b99070f791221980f176126680522af3c08b71191ccd008cd323ecc6f7e8ab9486cb609f3919c9008c334b084097bf4a6d0f6135a20806609c39e027525742226cc1da8563398a8d166716383b752524c26e8417e36a248a011867063b9cf271013e88238a0118c700544ecec5008c6200c699219c079472b013fb631403304e0f8fb8cac70ec27969356400c699c100543ee6b03f463100e3f470c9a17cf480ed389e1bb3c1e21880cacd361ccf8dd960710c40e5662b8ee7c66cb03806a072b305c7736336589c1e5e75535e3c20473000e31880cacdf35357a08b0cc03833d876cacb2cf6c9c66cb038cefe941bfb640403b03997bfca9133c00836581c0350b9f173a9231880cd3903548e0cc00806601c3b9b72639f8c6000c6b1b329378ee5080ee438a996c08bc017803b477c6f16b80a3f287bd20e03ff4a782fd6da0d5c4e9a27b31880110cc0e6529e035c026e05fe71c4f7b6121e8d6e004ed611e03ae0e888ef5d0dbc8a3401e8ded40806609c54edd627cc3c8eadf3bde5e956a74a7d42fb8f7a0f1607df574778c48863bb699494e1e764268203b939b7c148853000e378b4d528ce003bc6008c6367930a6000c6b1dd344aca19a07d32828d16c719a072e3588e60a335d703ce4a5d0965a94fba59a06339828d16c719a072d3c3f1dc980d16c700d4286e82ee1803308eed2615c0811cc776d328ce003bc681dc5c0f97c0ca8f6339828d16c700d428ce003bc60094542d03308e33408de29d201d63a3c5b1dda4023890e3d86e5a8fe7013bc4811cc776d3282e813bc6468b63bb4905702037e73d975a8fcbdf8e7120c7b1dda4023890e3d86e1ac573801d63a3c5b1dda4023890e3d86e52011cc8716c378de245908e71204bed31003bc6008c63bb693d8660873890e3d86e1ac5f0eb1807b2a46a1980716c37a9000ee4e6bc154eeb7109dc310e64a93d0660c7188092aa65004aaa960118c776d3282e813bc6812ca95a06a0d41e67801d63004aede96308768a0118c776930ae04096542d03506a8f8fc4ef181b4d52b50c40a93d2967805e7c8960004aaa960128b5c75958c7188092aa65004aaa960128b5c73b413ac60094542d03506a8fb3bf8e3100bbc74126b5c4008c63086914fb45c7188092aa6500c6f148af51ec171d63004aaa960128b5c71960c7188071ece85a8f7da3430c40a93d865fc71880cd79bb9372649f8c6000c6f1c1971ac5f7a6630c4049d53200e378a4d728ae0c3ac60094542d03308e475b8d62bfe81803308e1d5db9b14f463000e3d8d9a4021880710c408d62bfe81803308e1d5debb16f748801d89c7782683d6e83e9180330ce72ea0a48da3c03308e475b8d62bfe81803308e1d5db9b14f463000e3d8d9344aea7380f6cb860cc038a93bbaa4161880cdf5f12288f2e38131820118c700d4288650c7188071ece81a25e57938fb640403304eca19a01d5da3d82f221880715c026b142f8e758c01d89c174194230330820118e764a2d775af97d663bf886000c6f11ca046f1bde91803308e01a85152be379e9689600036e73940e5c8d323110cc0384b095fdb4e9e2faf02778c0118c725b072e3aa2482011827d50cd0658ed663004630009bebe31258a3a53c401980110cc038293b9b1d5da32ce3c1b13103b0b93eb098f8f5a5b5ec17110cc03829cf013a03d428294fcb74960118c719a0d693eafd7926e16b779601d85cca2570ea0b30ca97fd2282011827e5096797c0794bd52f52ae4a3acb008c936a1698fa028cc64b19802e811b3200e3a40c40973a1ae53806606306609c65d205e0f104afab8d4b15420b895eb7d30cc0387dd274380350eb398633c0c60cc038cba409a23ea1a32b5f2942681903308a011867d8e1a66d09389ae07595b72378712c8a01186799344174182f82e42ec52cec100660140330ce22218ca6a90fec9bf26baa1bf6e145902806609ce3c043537ecd65e0b629bfa69a9bf60c7d11b89db00c564306609ce3c0578047a6f89a87804f4ff1f514e73f98eedd3a5f03be884be02806609c3e7037f071a6d7d9df0f3c3ea5d752bc7f06fe7b4aafb5087c024f8d443300e31d016e201c7d27ed33c047a6f03adabca3c09f008f4de1b5be00fc179eff534257035f075680675b2e2bc0fdc0c58c3f586d056e9c401d2ccf2df703dbc7bc1733847ef1dd09d561d82fde38a61ed2c4f5805f03eea1dd103c09dc075c05cc6ea01e06603e0108b005780b708076fbc50af0c0e067cf6ca01ed2545c01dc029c60f39dfc29e05642f8cd6df0f50dc0bc0210601bf0dbc05db4d32f4e009f271c700d3f65670fe162c5fdc41df54f02ff07fc0d7009cd3ab901985f004238805d067c90f8d9e07035f07ec2e910b5c4a348bbbe01fc397033f06ae0358450dc3ae6df3d017c15f82ce1a2cadd947bcfef12eb6fd99865e333deae58245cc4da07dc04bc96d02f2e60fcf85b206c73f95f4ef58d52fb451267a4ae40a17a84e5cff9c079c06ee085c04ec2b9a1e1bdc48f1166140f12f6143e42fc7eaeadc0bf90ff89f18f031f66f495cb5f05ae9d6e751adb07bc82f85b21cf21f48bf381170dbece13fac5f029438708e7f9f671aa5ff8b08309700638197dc200b99b30b3db3228739cba9a3b7ca6e0026156544be77e9430231a75e7c2de29d72585c707e54ec2416b8e30f31d8ec561bf388e0f399d380370f2864775f76a69b5540fd4d02a6e8496542d035052b50c4049d532002555cb0094542d035052b50c4049d532002555cb0094542d035052b50c4049d532002555cb0094542d035052b50c4049d532002555cb0094542d035052b50c4049d532002555cb0094542d035052b50c4049d532002555cb0094542d035052b50c4049d532002555cb0094542d035052b50c4049d532002555cb0094542d035052b50c4049d532002555cb0094542d035052b50c4049d532002555cb0094542d035052b50c4049d532002555cb0094542d035052b50cc0b2f4535740ea12035052b50c4049d532002555cb0094542d035052b50c4049d532002555cb0094542d035052b50c4049d532002555cb0094542d035052b50cc0b2f83418a901035052b50c4049d532002555cb0094542d035052b50cc0b27815586ac00094542d035052b50c4049d532002555cb002c8b1741a4060c40a9190f320531002555cb0094542d03b02c2ecfa4060c4049d532002555cb0094542d0350d3e6794a65c30094542d035052b50cc0b2b8bc941a30002555cb0094542d035052b50cc0b2780e506ac000949af1205310035052b50cc072f47176223562002a05835a5930002555cb002c8b332ba901035052b50c4049d532002555cb002c8be700a5060c4049d53200cbe20c506ac000949af1205310035052b50cc0b2383b911a3000356d86b4b2610096c570911a30002555cb002c8b33c0c9b38d0b62004aaa960158166727520306a0a6cd47f72b1b0660590c96c9b38d0b62004aaa96015816672793671b17c4002c8703536ac8002c8b213879b671410c4049d53200cbd285d94917ea783a5dafbf5631002555cb002c4b5766275da9e7285daebbd63000a5e60cc14218806571604e9e6d5c1003b02c5d189c5da8a32a61002a275d08c72ed4511b640096652575052a600016c4002c4b1706a78fc352360cc0b294102cb9ff0eb9d74f0d188065e9c2e0ec421d4fa7ebf5d72a0660395c5a4e876d5c100350d376baa036c435550660590c8fc95b4e5d01b5c7002c4bd703b00bf5ef421db541066059ba3038c72d7373ff1d72af9f1a3000cbe2e09c3ccf5316c4002c4b1706e6e9ee56e942fdbb50476d9001a8dce41e30b9d74f0d188065e9c2e01cb70d26775da8a336c8002c4b098333f7dfc16d30053100cb927b7840f767800660410cc072f4e9c6e01cb70526f710ccbd7e6ac0002c4b1706671742ee7496e976fdb58a015896ae0fcc2e84631766d9da2003b02cb987c73806a0a6ca002c4beee1b191dbe072ff1d0cc082188065c97d70961280b9d7511b640096a50b03b3840054210cc0b2e43e384b98012ea5ae80da630096a30be131ae8e5d585e9e485d01b5c7002c8b33c0c95b22ff3a6a830cc0b2743d0097c9ff7770095c1003b02cb9cf4cc62d710d404d95015896dcc363dcfdca5d08c045f23fd068830cc072f4c97f7652c212f878ea0aa83d066059720f8f7101b734e6fb39388e33c062188065c93d3c361280b9cf629d0116c4002c4fce2138ee1c60170270016780c53000cb92fb4351c7cd0017c93b00bb10d06ac0002c4bee1742c605c8e2a0e4cad95f610cc0b2188093758cbc67d86ac8002c4fce01b8cce9ebb740de17198e9177fbaa2103b02ccbe41d20c7397dfd16082193abc338032c8a0158963ef907e0c269bebf0c1c25df65f0619c0116c5002ccb12214072758cf133bc6f73fa904ce910f986b3221880655900ee4d5d89752c1102e4c898bff728f986f8b730008b620096e528701b799e477b8c50b77101f22061a9999b4542381b80053100cbb20c7c15f842ea8aacb104dc097c66037f77ffa0e476b1613ff038ee032c8a01589efdc08de4358b7a1cf800e397bf106658379157fd2104f823a92b2169bc79e07ac2e7573c9bb83c0dbc8b6607db39e0a3c0c90ceaff2cf010704dc3df4152421703379336444e023700b311f5df097c1e584958ff15e000f04e604bc4ef2029a1cb812f9126444e02b700e76ca2fe17122e9ca4a8ff0ae1aaafe12775d895c0ed4c373c4e009f04f6b2b965630f78392148a73d933d00bc03c34feabc4b09cbe169cca49e222c7b2f01665aa8fb0c21046f249c4f9c46f83d0c5c8be12715632f701df05d26171c0781f70217d0ee05831960cfa0fedf9960fd5780cf02571377de5252a67ac00ee04d848b0b6d2e294f0e7ee635c0d953a8ffed2dd77f18de7f055c443b335749199a215c617d0b701ff141b232f8b7b701bf4e08a76904c7ece0b57e835317786297f6c3abbcef232cd9b7e05697aa9c91ba024a6a0eb80cf82de095847099e1b921307cccfe326193f221c2dd2677009f23eddd113de03cc2eff00ac232799ef07bf418fd7b2c10368b7f9950ff3bf1f6b66a19801ada41d876720eb0951084c3e70b1e2604dd21f2bccf78b52dc076601ba7cee30d7f8fa384fa7b3b9b244992244992244992244992244992244992244992244992f2f3ff332da5bb4e747e2a0000000049454e44ae426082, 'it', '2023-11-23 15:49:45', 0, 0, ''),
(37, 'Marijo', 'Pedian', 'marijopedian051702@gmail.com', 'Marijo', '09876543211', '9550cd7d09b0dde7d17b931ea88c14f8', 1, 'e10adc3949ba59abbe56e057f20f883e', 0x89504e470d0a1a0a0000000d4948445200000140000001c4080600000048b1f3640000180449444154789ceddd6f8ca55741c7f16f6fa7c3b0aeeb5ad6b1ae6b539b5297a5aea50122480a166c9a5a9a429418236a6a448284a01283f1cf0b8c4125a612f50569081a2c444d8301b1945afed89442a195424bb7a4dd966e77296559b6dbe9767676e6d617e7deec74b8b3779e33cfbde73ce77c3fc9c96c3bbb73cf9c7bceef39e779cef35c902449922449922449922449922449922449922449922449cac819a92ba0aacc00dbd69419e0d89ab298aa82aa8b01a849e901e70297002f1b7c3d1f981b7c6f5800faabca327008b81bb80bf80af04d60698a7597a40deb015b8079e052e03ae061e024b0023c1b595606e5bbc08781ab815dc0564e85a714cd19a0366b3bb01bb81c783db017989dd06bf581fdc0a7818f01f7024f0cfebf244dcd76e055c07b8103c4cff262cb93c007812b819d382394340573c02b09c1771f9b5be26eb6ac000781eb81ab08a12c4913310fbc0db803788674c1b7b69c041e00fe9270a1c5d9a0a4d6f4803d8425e741d2cefa4e57be0f7c02b88cb0bd469236ed4ae01ef29af59d6e36f830f08e89b484a46acc006f24ccac52075bd3f234f06784739692d4c856e0ad7433fc5687e07584739792b4216703ef02be4dfa10db6c7912f827c25d29d2739c99ba02cace36e037813f24ecafebbae7012f04ce02be0e2ca4ad8ea45ccd12cef9dd47fa995bdbe520f07642c04bd273f4809702b791ef3697cd9607081ba62775ab9ea48eda09dc089c207d504daaac005f022e6aa9cd2415601678376587dfea10fc106e8f9134b09b70b53475384d3304af6ca5e52475da1cf051d287d2b4cb5d84ed3e922a763561c370ea409a763901fc31de332c556b27702be55ef51d57ee032ede742baab37c6c50ddde4808805afbc179c09b715b4cb56aedf80ab786bd9eba1f22ba85f019267b535744691880f5ba8cb01faef63e70217005b643957cd3ebb41d782d704eea8a64601bf00ac293a4551903b04e7b094f78f6fd0ff6e0c5902a3900ea74013e1e6ab59d8436714b4c650cc0facc1096be6e023e6516f8497c524c750cc0fa6c017e0cdffbb576109e82ad8a3808ea3387037d94ad8483832a6200d667169f8432ca1c9e03ac8e01589f19bcf36194590cc0ea1880f5e9e1fb3e8aed5221dff0fa38d047b35d2ae41b5e27dff71f649b54c8375d52b50c4049d532002555cb00ac533f750532649b54c800ac4f1f07bb04188035320047b35d2a6400d66719584a5d890c2d630056c700accf12b098ba12195a2284a02a6200d667113896ba12193a8e0786ea1880f5390e7c0f673b6b1dc300ac8e01589f65e0107034754532730467c6d53100ebb41f7834752532b2041c0016525744d36500d6e95ee01b78d573e811e09bd81ed53100eb7404b80d7822754532d0271c10be96ba229a3e03b05e9f01f6e1ace728703bf058ea8a68fa0cc07aed076ea1eef35e7dc241e0537820a8920158af3ef0ef84f35fb55a006e229cff53850cc0baed07fe8d7a6f8ddb0f7c04f7444ad59a071e009eadac3c03bc0d270152f5ae0556481f4ad32c9fc70f42974408824f504f087e0fb8b8959693d4793de0e78187491f4e932e4f01efc60f87177066ea0a280bcf12f6c39d045e0e3c3f6d75266609f818f0b7c09389eb222933bb80eb09170852cfd4da2e2bc0adc04bf1c287a4117a8473639f24cc065387569be52ee04a5cfa4a3a8d19e035c01d947351e47ee04d78d557d206cc02af03ee237d786db63c4c08bfb9565b4852d17a840b22f7d0cd99e00a61e677199ef39314e97cc2a6e1a7491f6a1b2dcf101ef7b56702ed21a932e7021f000e923edcc6958383ba9e3b91969054a5b309f7cede419edb649e263cd7efad83ba4a52abe6805702d701df228f73832bc043c0fb08e72cbdd82169a2e6097bea3e44b8a32255f87d9fb0dcbd1cd831d1df589256e901e710aeb27e94708fedb482ef29e006c27ec579bcca2b29911eb01db804f83bc2bebb15da5f1eaf00df26ccf85e3a784d834f9b7246ea0aa838db804b813710ce176e276cac9e199451a1d5e7d46772f4094f681e9605e02b84dbf3fe073fc94e2d320035497384bd7817003b8117106e471b06e230ec1607e569e038e1c93487091fdebe7ff03d499224499224499224491be15560ad67bd3d761bd97b37a9fd79fdf17f65e4dfd9c8bf53850cc072acde6bb77acfddf0eb7a8535ffbdf667acfdb9bd757eeedaff66c49f9b5abb3f7075595ee7bf974794a5555fd7febc513f7bedcf1ff5f30cd5021880dd3443d8703c3f28db075fcf067e64f0bdad83b285b01f6ff87576d5d761b8adfe73e97757f4796e200ecbe2aaaf8b84fd88c3b2001c23dcf77c84b019fbc8aa3f1f1efc5b758c01d82de700bb810b8117113619ef266c329e4958af1a3d013c08ec237c74c03707e5110cc3ce3000f3374308bad7002f032e22dc59b135619df45c4bc0638430fc1ae109da5f24dcd1a28c1980f99a23dcf4ff06c273eef6e0833ebb60893033bc17b809f814f078d21a695d06607e6680bdc0ef121e35b50b3fceb18b9609e706ef253cbaeb3f7146289dd6d9c07b099f6b7182f44f5bb6b4f318af27815b08a7313c572bad327c9ede9b8003a41fb096c986e187081fd86410aa7a7384e5eef5e4f9414396c9947b805fc173bac99d99ba0215db0e5c05bc07f865c23e3cd5e1c709cbe139c2d5e3ef138251536600a6b113f81de08f809fa3fccdc7fa413f4478ef77018780ef1096c89a220370face05fe14b816f8a9c475515acf236c6abf9010828f62084e9501385dbb80bf27ecedfbd1c475511ece241c145f42580e3f88f719ab40f3c0adb8bdc5b27e3948382f2c15e55ce066e024e9079925eff23de06adc2633152e8127ef7ce01f805fc24eadf19e0fbc9af069780fe139c1893200276b17f017c0eb0927bca58df861e067091f32ff0886e0c4188093b303f87de0cd84e7f3494dbc00f869e001c2b9412f8c4c800138195b08577adf4978869fd4d419840dd3f384476c3d91b63a653200dbd7233cc6ea3dc0cf24ae8bbaed4cc25ed1b380bb094fa6568b0cc0f6bd00f86be0527cdc9836ef2ce0858465f0bd84c76c4959ea016fc7bd7e96f6cb01c28333d4226728edda0d7c191f57afc9f81c6147814be196b8046ecf16c26d6e2f495d1115eb3cc2d698bb13d7a3183e85a43daf03ae485d0915ef0f087716a90506603be681dfc3cfeed0e49d4f78949a63b70536623bae002ec15bdd3479b38407265c98ba22253000376f9e70627a47ea8aa80a3dc22cf09ad415298101b87997e2ec4fd3b58df0c0845da92bd27506e0e66c057e9170754e9a961eb08770f0d52618809b731161f6673b6ada7601bf807b4e37c5811b6f06b898702496a6ad4738007b3164130cc0783b089b9e7dd49552b99070f791221980f176126680522af3c08b71191ccd008cd323ecc6f7e8ab9486cb609f3919c9008c334b084097bf4a6d0f6135a20806609c39e027525742226cc1da8563398a8d166716383b752524c26e8417e36a248a011867063b9cf271013e88238a0118c700544ecec5008c6200c699219c079472b013fb631403304e0f8fb8cac70ec27969356400c699c100543ee6b03f463100e3f470c9a17cf480ed389e1bb3c1e21880cacd361ccf8dd960710c40e5662b8ee7c66cb03806a072b305c7736336589c1e5e75535e3c20473000e31880cacdf35357a08b0cc03833d876cacb2cf6c9c66cb038cefe941bfb640403b03997bfca9133c00836581c0350b9f173a9231880cd3903548e0cc00806601c3b9b72639f8c6000c6b1b329378ee5080ee438a996c08bc017803b477c6f16b80a3f287bd20e03ff4a782fd6da0d5c4e9a27b31880110cc0e6529e035c026e05fe71c4f7b6121e8d6e004ed611e03ae0e888ef5d0dbc8a3401e8ded40806609c54edd627cc3c8eadf3bde5e956a74a7d42fb8f7a0f1607df574778c48863bb699494e1e764268203b939b7c148853000e378b4d528ce003bc6008c6367930a6000c6b1dd344aca19a07d32828d16c719a072e3588e60a335d703ce4a5d0965a94fba59a06339828d16c719a072d3c3f1dc980d16c700d4286e82ee1803308eed2615c0811cc776d328ce003bc681dc5c0f97c0ca8f6339828d16c700d428ce003bc60094542d03308e33408de29d201d63a3c5b1dda4023890e3d86e5a8fe7013bc4811cc776d3282e813bc6468b63bb4905702037e73d975a8fcbdf8e7120c7b1dda4023890e3d86e1ac573801d63a3c5b1dda4023890e3d86e52011cc8716c378de245908e71204bed31003bc6008c63bb693d8660873890e3d86e1ac5f0eb1807b2a46a1980716c37a9000ee4e6bc154eeb7109dc310e64a93d0660c7188092aa65004aaa960118c776d3282e813bc6812ca95a06a0d41e67801d63004aede96308768a0118c776930ae04096542d03506a8f8fc4ef181b4d52b50c40a93d2967805e7c8960004aaa960128b5c75958c7188092aa65004aaa960128b5c73b413ac60094542d03506a8fb3bf8e3100bbc74126b5c4008c63086914fb45c7188092aa6500c6f148af51ec171d63004aaa960128b5c71960c7188071ece85a8f7da3430c40a93d865fc71880cd79bb9372649f8c6000c6f1c1971ac5f7a6630c4049d53200e378a4d728ae0c3ac60094542d03308e475b8d62bfe81803308e1d5db9b14f463000e3d8d9a4021880710c408d62bfe81803308e1d5debb16f748801d89c7782683d6e83e9180330ce72ea0a48da3c03308e475b8d62bfe81803308e1d5db9b14f463000e3d8d9344aea7380f6cb860cc038a93bbaa4161880cdf5f12288f2e38131820118c700d4288650c7188071ece81a25e57938fb640403304eca19a01d5da3d82f221880715c026b142f8e758c01d89c174194230330820118e764a2d775af97d663bf886000c6f11ca046f1bde91803308e01a85152be379e9689600036e73940e5c8d323110cc0384b095fdb4e9e2faf02778c0118c725b072e3aa2482011827d50cd0658ed663004630009bebe31258a3a53c401980110cc038293b9b1d5da32ce3c1b13103b0b93eb098f8f5a5b5ec17110cc03829cf013a03d428294fcb74960118c719a0d693eafd7926e16b779601d85cca2570ea0b30ca97fd2282011827e5096797c0794bd52f52ae4a3acb008c936a1698fa028cc64b19802e811b3200e3a40c40973a1ae53806606306609c65d205e0f104afab8d4b15420b895eb7d30cc0387dd274380350eb398633c0c60cc038cba409a23ea1a32b5f2942681903308a011867d8e1a66d09389ae07595b72378712c8a01186799344174182f82e42ec52cec100660140330ce22218ca6a90fec9bf26baa1bf6e145902806609ce3c043537ecd65e0b629bfa69a9bf60c7d11b89db00c564306609ce3c0578047a6f89a87804f4ff1f514e73f98eedd3a5f03be884be02806609c3e7037f071a6d7d9df0f3c3ea5d752bc7f06fe7b4aafb5087c024f8d443300e31d016e201c7d27ed33c047a6f03adabca3c09f008f4de1b5be00fc179eff534257035f075680675b2e2bc0fdc0c58c3f586d056e9c401d2ccf2df703dbc7bc1733847ef1dd09d561d82fde38a61ed2c4f5805f03eea1dd103c09dc075c05cc6ea01e06603e0108b005780b708076fbc50af0c0e067cf6ca01ed2545c01dc029c60f39dfc29e05642f8cd6df0f50dc0bc0210601bf0dbc05db4d32f4e009f271c700d3f65670fe162c5fdc41df54f02ff07fc0d7009cd3ab901985f004238805d067c90f8d9e07035f07ec2e910b5c4a348bbbe01fc397033f06ae0358450dc3ae6df3d017c15f82ce1a2cadd947bcfef12eb6fd99865e333deae58245cc4da07dc04bc96d02f2e60fcf85b206c73f95f4ef58d52fb451267a4ae40a17a84e5cff9c079c06ee085c04ec2b9a1e1bdc48f1166140f12f6143e42fc7eaeadc0bf90ff89f18f031f66f495cb5f05ae9d6e751adb07bc82f85b21cf21f48bf381170dbece13fac5f029438708e7f9f671aa5ff8b08309700638197dc200b99b30b3db3228739cba9a3b7ca6e0026156544be77e9430231a75e7c2de29d72585c707e54ec2416b8e30f31d8ec561bf388e0f399d380370f2864775f76a69b5540fd4d02a6e8496542d035052b50c4049d532002555cb0094542d035052b50c4049d532002555cb0094542d035052b50c4049d532002555cb0094542d035052b50c4049d532002555cb0094542d035052b50c4049d532002555cb0094542d035052b50c4049d532002555cb0094542d035052b50c4049d532002555cb0094542d035052b50c4049d532002555cb0094542d035052b50c4049d532002555cb0094542d035052b50c4049d532002555cb0094542d035052b50c4049d532002555cb0094542d035052b50cc0b2f4535740ea12035052b50c4049d532002555cb0094542d035052b50c4049d532002555cb0094542d035052b50c4049d532002555cb0094542d035052b50cc0b2f83418a901035052b50c4049d532002555cb0094542d035052b50cc0b27815586ac00094542d035052b50c4049d532002555cb002c8b1741a4060c40a9190f320531002555cb0094542d03b02c2ecfa4060c4049d532002555cb0094542d0350d3e6794a65c30094542d035052b50cc0b2b8bc941a30002555cb0094542d035052b50cc0b2780e506ac000949af1205310035052b50cc072f47176223562002a05835a5930002555cb002c8b332ba901035052b50c4049d532002555cb002c8be700a5060c4049d53200cbe20c506ac000949af1205310035052b50cc0b2383b911a3000356d86b4b2610096c570911a30002555cb002c8b33c0c9b38d0b62004aaa960158166727520306a0a6cd47f72b1b0660590c96c9b38d0b62004aaa96015816672793671b17c4002c8703536ac8002c8b213879b671410c4049d53200cbd285d94917ea783a5dafbf5631002555cb002c4b5766275da9e7285daebbd63000a5e60cc14218806571604e9e6d5c1003b02c5d189c5da8a32a61002a275d08c72ed4511b640096652575052a600016c4002c4b1706a78fc352360cc0b294102cb9ff0eb9d74f0d188065e9c2e0ec421d4fa7ebf5d72a0660395c5a4e876d5c100350d376baa036c435550660590c8fc95b4e5d01b5c7002c4bd703b00bf5ef421db541066059ba3038c72d7373ff1d72af9f1a3000cbe2e09c3ccf5316c4002c4b1706e6e9ee56e942fdbb50476d9001a8dce41e30b9d74f0d188065e9c2e01cb70d26775da8a336c8002c4b098333f7dfc16d30053100cb927b7840f767800660410cc072f4e9c6e01cb70526f710ccbd7e6ac0002c4b1706671742ee7496e976fdb58a015896ae0fcc2e84631766d9da2003b02cb987c73806a0a6ca002c4beee1b191dbe072ff1d0cc082188065c97d70961280b9d7511b640096a50b03b3840054210cc0b2e43e384b98012ea5ae80da630096a30be131ae8e5d585e9e485d01b5c7002c8b33c0c95b22ff3a6a830cc0b2743d0097c9ff7770095c1003b02cb9cf4cc62d710d404d95015896dcc363dcfdca5d08c045f23fd068830cc072f4c97f7652c212f878ea0aa83d066059720f8f7101b734e6fb39388e33c062188065c93d3c361280b9cf629d0116c4002c4fce2138ee1c60170270016780c53000cb92fb4351c7cd0017c93b00bb10d06ac0002c4bee1742c605c8e2a0e4cad95f610cc0b2188093758cbc67d86ac8002c4fce01b8cce9ebb740de17198e9177fbaa2103b02ccbe41d20c7397dfd16082193abc338032c8a0158963ef907e0c269bebf0c1c25df65f0619c0116c5002ccb12214072758cf133bc6f73fa904ce910f986b3221880655900ee4d5d89752c1102e4c898bff728f986f8b730008b620096e528701b799e477b8c50b77101f22061a9999b4542381b80053100cbb20c7c15f842ea8aacb104dc097c66037f77ffa0e476b1613ff038ee032c8a01589efdc08de4358b7a1cf800e397bf106658379157fd2104f823a92b2169bc79e07ac2e7573c9bb83c0dbc8b6607db39e0a3c0c90ceaff2cf010704dc3df4152421703379336444e023700b311f5df097c1e584958ff15e000f04e604bc4ef2029a1cb812f9126444e02b700e76ca2fe17122e9ca4a8ff0ae1aaafe12775d895c0ed4c373c4e009f04f6b2b965630f78392148a73d933d00bc03c34feabc4b09cbe169cca49e222c7b2f01665aa8fb0c21046f249c4f9c46f83d0c5c8be12715632f701df05d26171c0781f70217d0ee05831960cfa0fedf9960fd5780cf02571377de5252a67ac00ee04d848b0b6d2e294f0e7ee635c0d953a8ffed2dd77f18de7f055c443b335749199a215c617d0b701ff141b232f8b7b701bf4e08a76904c7ece0b57e835317786297f6c3abbcef232cd9b7e05697aa9c91ba024a6a0eb80cf82de095847099e1b921307cccfe326193f221c2dd2677009f23eddd113de03cc2eff00ac232799ef07bf418fd7b2c10368b7f9950ff3bf1f6b66a19801ada41d876720eb0951084c3e70b1e2604dd21f2bccf78b52dc076601ba7cee30d7f8fa384fa7b3b9b244992244992244992244992244992244992244992244992f2f3ff332da5bb4e747e2a0000000049454e44ae426082, 'admin', '2023-11-23 15:49:45', 0, 0, ''),
(40, 'Christian Yves', 'Conanan', 'yvesconanan07@gmail.com', 'Yves', '09984132123', '47234f4683e34a537fe0a43134065fe286', 1, '9550cd7d09b0dde7d17b931ea88c14f8', 0x89504e470d0a1a0a0000000d4948445200000140000001c4080600000048b1f3640000180449444154789ceddd6f8ca55741c7f16f6fa7c3b0aeeb5ad6b1ae6b539b5297a5aea50122480a166c9a5a9a429418236a6a448284a01283f1cf0b8c4125a612f50569081a2c444d8301b1945afed89442a195424bb7a4dd966e77296559b6dbe9767676e6d617e7deec74b8b3779e33cfbde73ce77c3fc9c96c3bbb73cf9c7bceef39e779cef35c902449922449922449922449922449922449922449922449cac819a92ba0aacc00dbd69419e0d89ab298aa82aa8b01a849e901e70297002f1b7c3d1f981b7c6f5800faabca327008b81bb80bf80af04d60698a7597a40deb015b8079e052e03ae061e024b0023c1b595606e5bbc08781ab815dc0564e85a714cd19a0366b3bb01bb81c783db017989dd06bf581fdc0a7818f01f7024f0cfebf244dcd76e055c07b8103c4cff262cb93c007812b819d382394340573c02b09c1771f9b5be26eb6ac000781eb81ab08a12c4913310fbc0db803788674c1b7b69c041e00fe9270a1c5d9a0a4d6f4803d8425e741d2cefa4e57be0f7c02b88cb0bd469236ed4ae01ef29af59d6e36f830f08e89b484a46acc006f24ccac52075bd3f234f06784739692d4c856e0ad7433fc5687e07584739792b4216703ef02be4dfa10db6c7912f827c25d29d2739c99ba02cace36e037813f24ecafebbae7012f04ce02be0e2ca4ad8ea45ccd12cef9dd47fa995bdbe520f07642c04bd273f4809702b791ef3697cd9607081ba62775ab9ea48eda09dc089c207d504daaac005f022e6aa9cd2415601678376587dfea10fc106e8f9134b09b70b53475384d3304af6ca5e52475da1cf051d287d2b4cb5d84ed3e922a763561c370ea409a763901fc31de332c556b27702be55ef51d57ee032ede742baab37c6c50ddde4808805afbc179c09b715b4cb56aedf80ab786bd9eba1f22ba85f019267b535744691880f5ba8cb01faef63e70217005b643957cd3ebb41d782d704eea8a64601bf00ac293a4551903b04e7b094f78f6fd0ff6e0c5902a3900ea74013e1e6ab59d8436714b4c650cc0facc1096be6e023e6516f8497c524c750cc0fa6c017e0cdffbb576109e82ad8a3808ea3387037d94ad8483832a6200d667169f8432ca1c9e03ac8e01589f19bcf36194590cc0ea1880f5e9e1fb3e8aed5221dff0fa38d047b35d2ae41b5e27dff71f649b54c8375d52b50c4049d532002555cb00ac533f750532649b54c800ac4f1f07bb04188035320047b35d2a6400d66719584a5d890c2d630056c700accf12b098ba12195a2284a02a6200d667113896ba12193a8e0786ea1880f5390e7c0f673b6b1dc300ac8e01589f65e0107034754532730467c6d53100ebb41f7834752532b2041c0016525744d36500d6e95ee01b78d573e811e09bd81ed53100eb7404b80d7822754532d0271c10be96ba229a3e03b05e9f01f6e1ace728703bf058ea8a68fa0cc07aed076ea1eef35e7dc241e0537820a8920158af3ef0ef84f35fb55a006e229cff53850cc0baed07fe8d7a6f8ddb0f7c04f7444ad59a071e009eadac3c03bc0d270152f5ae0556481f4ad32c9fc70f42974408824f504f087e0fb8b8959693d4793de0e78187491f4e932e4f01efc60f87177066ea0a280bcf12f6c39d045e0e3c3f6d75266609f818f0b7c09389eb222933bb80eb09170852cfd4da2e2bc0adc04bf1c287a4117a8473639f24cc065387569be52ee04a5cfa4a3a8d19e035c01d947351e47ee04d78d557d206cc02af03ee237d786db63c4c08bfb9565b4852d17a840b22f7d0cd99e00a61e677199ef39314e97cc2a6e1a7491f6a1b2dcf101ef7b56702ed21a932e7021f000e923edcc6958383ba9e3b91969054a5b309f7cede419edb649e263cd7efad83ba4a52abe6805702d701df228f73832bc043c0fb08e72cbdd82169a2e6097bea3e44b8a32255f87d9fb0dcbd1cd831d1df589256e901e710aeb27e94708fedb482ef29e006c27ec579bcca2b29911eb01db804f83bc2bebb15da5f1eaf00df26ccf85e3a784d834f9b7246ea0aa838db804b813710ce176e276cac9e199451a1d5e7d46772f4094f681e9605e02b84dbf3fe073fc94e2d320035497384bd7817003b8117106e471b06e230ec1607e569e038e1c93487091fdebe7ff03d499224499224499224491be15560ad67bd3d761bd97b37a9fd79fdf17f65e4dfd9c8bf53850cc072acde6bb77acfddf0eb7a8535ffbdf667acfdb9bd757eeedaff66c49f9b5abb3f7075595ee7bf974794a5555fd7febc513f7bedcf1ff5f30cd5021880dd3443d8703c3f28db075fcf067e64f0bdad83b285b01f6ff87576d5d761b8adfe73e97757f4796e200ecbe2aaaf8b84fd88c3b2001c23dcf77c84b019fbc8aa3f1f1efc5b758c01d82de700bb810b8117113619ef266c329e4958af1a3d013c08ec237c74c03707e5110cc3ce3000f3374308bad7002f032e22dc59b135619df45c4bc0638430fc1ae109da5f24dcd1a28c1980f99a23dcf4ff06c273eef6e0833ebb60893033bc17b809f814f078d21a695d06607e6680bdc0ef121e35b50b3fceb18b9609e706ef253cbaeb3f7146289dd6d9c07b099f6b7182f44f5bb6b4f318af27815b08a7313c572bad327c9ede9b8003a41fb096c986e187081fd86410aa7a7384e5eef5e4f9414396c9947b805fc173bac99d99ba0215db0e5c05bc07f865c23e3cd5e1c709cbe139c2d5e3ef138251536600a6b113f81de08f809fa3fccdc7fa413f4478ef77018780ef1096c89a220370face05fe14b816f8a9c475515acf236c6abf9010828f62084e9501385dbb80bf27ecedfbd1c475511ece241c145f42580e3f88f719ab40f3c0adb8bdc5b27e3948382f2c15e55ce066e024e9079925eff23de06adc2633152e8127ef7ce01f805fc24eadf19e0fbc9af069780fe139c1893200276b17f017c0eb0927bca58df861e067091f32ff0886e0c4188093b303f87de0cd84e7f3494dbc00f869e001c2b9412f8c4c800138195b08577adf4978869fd4d419840dd3f384476c3d91b63a653200dbd7233cc6ea3dc0cf24ae8bbaed4cc25ed1b380bb094fa6568b0cc0f6bd00f86be0527cdc9836ef2ce0858465f0bd84c76c4959ea016fc7bd7e96f6cb01c28333d4226728edda0d7c191f57afc9f81c6147814be196b8046ecf16c26d6e2f495d1115eb3cc2d698bb13d7a3183e85a43daf03ae485d0915ef0f087716a90506603be681dfc3cfeed0e49d4f78949a63b70536623bae002ec15bdd3479b38407265c98ba22253000376f9e70627a47ea8aa80a3dc22cf09ad415298101b87997e2ec4fd3b58df0c0845da92bd27506e0e66c057e9170754e9a961eb08770f0d52618809b731161f6673b6ada7601bf807b4e37c5811b6f06b898702496a6ad4738007b3164130cc0783b089b9e7dd49552b99070f791221980f176126680522af3c08b71191ccd008cd323ecc6f7e8ab9486cb609f3919c9008c334b084097bf4a6d0f6135a20806609c39e027525742226cc1da8563398a8d166716383b752524c26e8417e36a248a011867063b9cf271013e88238a0118c700544ecec5008c6200c699219c079472b013fb631403304e0f8fb8cac70ec27969356400c699c100543ee6b03f463100e3f470c9a17cf480ed389e1bb3c1e21880cacd361ccf8dd960710c40e5662b8ee7c66cb03806a072b305c7736336589c1e5e75535e3c20473000e31880cacdf35357a08b0cc03833d876cacb2cf6c9c66cb038cefe941bfb640403b03997bfca9133c00836581c0350b9f173a9231880cd3903548e0cc00806601c3b9b72639f8c6000c6b1b329378ee5080ee438a996c08bc017803b477c6f16b80a3f287bd20e03ff4a782fd6da0d5c4e9a27b31880110cc0e6529e035c026e05fe71c4f7b6121e8d6e004ed611e03ae0e888ef5d0dbc8a3401e8ded40806609c54edd627cc3c8eadf3bde5e956a74a7d42fb8f7a0f1607df574778c48863bb699494e1e764268203b939b7c148853000e378b4d528ce003bc6008c6367930a6000c6b1dd344aca19a07d32828d16c719a072e3588e60a335d703ce4a5d0965a94fba59a06339828d16c719a072d3c3f1dc980d16c700d4286e82ee1803308eed2615c0811cc776d328ce003bc681dc5c0f97c0ca8f6339828d16c700d428ce003bc60094542d03308e33408de29d201d63a3c5b1dda4023890e3d86e5a8fe7013bc4811cc776d3282e813bc6468b63bb4905702037e73d975a8fcbdf8e7120c7b1dda4023890e3d86e1ac573801d63a3c5b1dda4023890e3d86e52011cc8716c378de245908e71204bed31003bc6008c63bb693d8660873890e3d86e1ac5f0eb1807b2a46a1980716c37a9000ee4e6bc154eeb7109dc310e64a93d0660c7188092aa65004aaa960118c776d3282e813bc6812ca95a06a0d41e67801d63004aede96308768a0118c776930ae04096542d03506a8f8fc4ef181b4d52b50c40a93d2967805e7c8960004aaa960128b5c75958c7188092aa65004aaa960128b5c73b413ac60094542d03506a8fb3bf8e3100bbc74126b5c4008c63086914fb45c7188092aa6500c6f148af51ec171d63004aaa960128b5c71960c7188071ece85a8f7da3430c40a93d865fc71880cd79bb9372649f8c6000c6f1c1971ac5f7a6630c4049d53200e378a4d728ae0c3ac60094542d03308e475b8d62bfe81803308e1d5db9b14f463000e3d8d9a4021880710c408d62bfe81803308e1d5debb16f748801d89c7782683d6e83e9180330ce72ea0a48da3c03308e475b8d62bfe81803308e1d5db9b14f463000e3d8d9344aea7380f6cb860cc038a93bbaa4161880cdf5f12288f2e38131820118c700d4288650c7188071ece81a25e57938fb640403304eca19a01d5da3d82f221880715c026b142f8e758c01d89c174194230330820118e764a2d775af97d663bf886000c6f11ca046f1bde91803308e01a85152be379e9689600036e73940e5c8d323110cc0384b095fdb4e9e2faf02778c0118c725b072e3aa2482011827d50cd0658ed663004630009bebe31258a3a53c401980110cc038293b9b1d5da32ce3c1b13103b0b93eb098f8f5a5b5ec17110cc03829cf013a03d428294fcb74960118c719a0d693eafd7926e16b779601d85cca2570ea0b30ca97fd2282011827e5096797c0794bd52f52ae4a3acb008c936a1698fa028cc64b19802e811b3200e3a40c40973a1ae53806606306609c65d205e0f104afab8d4b15420b895eb7d30cc0387dd274380350eb398633c0c60cc038cba409a23ea1a32b5f2942681903308a011867d8e1a66d09389ae07595b72378712c8a01186799344174182f82e42ec52cec100660140330ce22218ca6a90fec9bf26baa1bf6e145902806609ce3c043537ecd65e0b629bfa69a9bf60c7d11b89db00c564306609ce3c0578047a6f89a87804f4ff1f514e73f98eedd3a5f03be884be02806609c3e7037f071a6d7d9df0f3c3ea5d752bc7f06fe7b4aafb5087c024f8d443300e31d016e201c7d27ed33c047a6f03adabca3c09f008f4de1b5be00fc179eff534257035f075680675b2e2bc0fdc0c58c3f586d056e9c401d2ccf2df703dbc7bc1733847ef1dd09d561d82fde38a61ed2c4f5805f03eea1dd103c09dc075c05cc6ea01e06603e0108b005780b708076fbc50af0c0e067cf6ca01ed2545c01dc029c60f39dfc29e05642f8cd6df0f50dc0bc0210601bf0dbc05db4d32f4e009f271c700d3f65670fe162c5fdc41df54f02ff07fc0d7009cd3ab901985f004238805d067c90f8d9e07035f07ec2e910b5c4a348bbbe01fc397033f06ae0358450dc3ae6df3d017c15f82ce1a2cadd947bcfef12eb6fd99865e333deae58245cc4da07dc04bc96d02f2e60fcf85b206c73f95f4ef58d52fb451267a4ae40a17a84e5cff9c079c06ee085c04ec2b9a1e1bdc48f1166140f12f6143e42fc7eaeadc0bf90ff89f18f031f66f495cb5f05ae9d6e751adb07bc82f85b21cf21f48bf381170dbece13fac5f029438708e7f9f671aa5ff8b08309700638197dc200b99b30b3db3228739cba9a3b7ca6e0026156544be77e9430231a75e7c2de29d72585c707e54ec2416b8e30f31d8ec561bf388e0f399d380370f2864775f76a69b5540fd4d02a6e8496542d035052b50c4049d532002555cb0094542d035052b50c4049d532002555cb0094542d035052b50c4049d532002555cb0094542d035052b50c4049d532002555cb0094542d035052b50c4049d532002555cb0094542d035052b50c4049d532002555cb0094542d035052b50c4049d532002555cb0094542d035052b50c4049d532002555cb0094542d035052b50c4049d532002555cb0094542d035052b50c4049d532002555cb0094542d035052b50c4049d532002555cb0094542d035052b50cc0b2f4535740ea12035052b50c4049d532002555cb0094542d035052b50c4049d532002555cb0094542d035052b50c4049d532002555cb0094542d035052b50cc0b2f83418a901035052b50c4049d532002555cb0094542d035052b50cc0b27815586ac00094542d035052b50c4049d532002555cb002c8b1741a4060c40a9190f320531002555cb0094542d03b02c2ecfa4060c4049d532002555cb0094542d0350d3e6794a65c30094542d035052b50cc0b2b8bc941a30002555cb0094542d035052b50cc0b2780e506ac000949af1205310035052b50cc072f47176223562002a05835a5930002555cb002c8b332ba901035052b50c4049d532002555cb002c8be700a5060c4049d53200cbe20c506ac000949af1205310035052b50cc0b2383b911a3000356d86b4b2610096c570911a30002555cb002c8b33c0c9b38d0b62004aaa960158166727520306a0a6cd47f72b1b0660590c96c9b38d0b62004aaa96015816672793671b17c4002c8703536ac8002c8b213879b671410c4049d53200cbd285d94917ea783a5dafbf5631002555cb002c4b5766275da9e7285daebbd63000a5e60cc14218806571604e9e6d5c1003b02c5d189c5da8a32a61002a275d08c72ed4511b640096652575052a600016c4002c4b1706a78fc352360cc0b294102cb9ff0eb9d74f0d188065e9c2e0ec421d4fa7ebf5d72a0660395c5a4e876d5c100350d376baa036c435550660590c8fc95b4e5d01b5c7002c4bd703b00bf5ef421db541066059ba3038c72d7373ff1d72af9f1a3000cbe2e09c3ccf5316c4002c4b1706e6e9ee56e942fdbb50476d9001a8dce41e30b9d74f0d188065e9c2e01cb70d26775da8a336c8002c4b098333f7dfc16d30053100cb927b7840f767800660410cc072f4e9c6e01cb70526f710ccbd7e6ac0002c4b1706671742ee7496e976fdb58a015896ae0fcc2e84631766d9da2003b02cb987c73806a0a6ca002c4beee1b191dbe072ff1d0cc082188065c97d70961280b9d7511b640096a50b03b3840054210cc0b2e43e384b98012ea5ae80da630096a30be131ae8e5d585e9e485d01b5c7002c8b33c0c95b22ff3a6a830cc0b2743d0097c9ff7770095c1003b02cb9cf4cc62d710d404d95015896dcc363dcfdca5d08c045f23fd068830cc072f4c97f7652c212f878ea0aa83d066059720f8f7101b734e6fb39388e33c062188065c93d3c361280b9cf629d0116c4002c4fce2138ee1c60170270016780c53000cb92fb4351c7cd0017c93b00bb10d06ac0002c4bee1742c605c8e2a0e4cad95f610cc0b2188093758cbc67d86ac8002c4fce01b8cce9ebb740de17198e9177fbaa2103b02ccbe41d20c7397dfd16082193abc338032c8a0158963ef907e0c269bebf0c1c25df65f0619c0116c5002ccb12214072758cf133bc6f73fa904ce910f986b3221880655900ee4d5d89752c1102e4c898bff728f986f8b730008b620096e528701b799e477b8c50b77101f22061a9999b4542381b80053100cbb20c7c15f842ea8aacb104dc097c66037f77ffa0e476b1613ff038ee032c8a01589efdc08de4358b7a1cf800e397bf106658379157fd2104f823a92b2169bc79e07ac2e7573c9bb83c0dbc8b6607db39e0a3c0c90ceaff2cf010704dc3df4152421703379336444e023700b311f5df097c1e584958ff15e000f04e604bc4ef2029a1cb812f9126444e02b700e76ca2fe17122e9ca4a8ff0ae1aaafe12775d895c0ed4c373c4e009f04f6b2b965630f78392148a73d933d00bc03c34feabc4b09cbe169cca49e222c7b2f01665aa8fb0c21046f249c4f9c46f83d0c5c8be12715632f701df05d26171c0781f70217d0ee05831960cfa0fedf9960fd5780cf02571377de5252a67ac00ee04d848b0b6d2e294f0e7ee635c0d953a8ffed2dd77f18de7f055c443b335749199a215c617d0b701ff141b232f8b7b701bf4e08a76904c7ece0b57e835317786297f6c3abbcef232cd9b7e05697aa9c91ba024a6a0eb80cf82de095847099e1b921307cccfe326193f221c2dd2677009f23eddd113de03cc2eff00ac232799ef07bf418fd7b2c10368b7f9950ff3bf1f6b66a19801ada41d876720eb0951084c3e70b1e2604dd21f2bccf78b52dc076601ba7cee30d7f8fa384fa7b3b9b244992244992244992244992244992244992244992244992f2f3ff332da5bb4e747e2a0000000049454e44ae426082, 'parent', '2023-11-23 15:59:14', 0, 0, '');

-- --------------------------------------------------------

--
-- Table structure for table `vaccineinventory`
--

CREATE TABLE `vaccineinventory` (
  `vacid` int(11) NOT NULL,
  `vac_name` varchar(11) NOT NULL,
  `vac_desc` varchar(40) NOT NULL,
  `stocks` int(11) NOT NULL,
  `administered` int(11) NOT NULL,
  `req_dose` int(11) NOT NULL,
  `lower_limit` varchar(11) NOT NULL,
  `upper_limit` varchar(11) NOT NULL,
  `exp_date` date NOT NULL,
  `active` int(11) DEFAULT 1
) ENGINE=InnoDB DEFAULT CHARSET=utf8mb4 COLLATE=utf8mb4_general_ci;

--
-- Dumping data for table `vaccineinventory`
--

INSERT INTO `vaccineinventory` (`vacid`, `vac_name`, `vac_desc`, `stocks`, `administered`, `req_dose`, `lower_limit`, `upper_limit`, `exp_date`, `active`) VALUES
(1, 'BCG', 'P Tubercolosis', 200, 0, 1, '0 weeks', '8 weeks', '0000-00-00', 1),
(2, 'HepB1', 'P Hepatitis B', 200, 0, 1, '0 weeks', '4 weeks', '0000-00-00', 1),
(3, 'HepB2', 'P Hepatitis B', 200, 0, 1, '8 weeks', '12 weeks', '0000-00-00', 1),
(4, 'HepB3', 'P Hepatitis B', 200, 0, 1, '24 weeks', '32 weeks', '0000-00-00', 1),
(5, 'DTaP1', 'Diphtheria,Tetanus, Pertussis', 200, 0, 1, '6 weeks', '10 weeks', '0000-00-00', 1),
(6, 'DTaP2', 'Diphtheria,Tetanus, Pertussis', 200, 0, 1, '10 weeks ', '14 weeks', '0000-00-00', 1),
(7, 'HiB1', 'P Haemophilus Influenza', 200, 0, 1, '6 weeks', '10 weeks', '0000-00-00', 1),
(8, 'HiB2', 'P Haemophilus Influenza', 200, 0, 1, '10 weeks', '16 weeks', '0000-00-00', 1),
(9, 'IPV1', 'P Polio', 200, 0, 1, '6 weeks', '12 weeks', '0000-00-00', 1),
(10, 'IPV2', 'P Polio', 200, 0, 1, '12 weeks', '24 weeks', '0000-00-00', 1),
(11, 'IPV3', 'P Polio', 200, 0, 1, '24 weeks', '36 weeks', '0000-00-00', 1),
(12, 'PCV1', 'P Pneumonia, Meningitis', 200, 0, 1, '6 weeks', '12 weeks', '0000-00-00', 1),
(13, 'PCV2', 'P Pneumonia, Meningitis', 200, 0, 1, '16 weeks', '24 weeks', '0000-00-00', 1),
(14, 'Rotavirus1', 'P Diarrhea', 200, 0, 1, '6 weeks', '12 weeks', '0000-00-00', 1),
(15, 'Rotavirus2', 'P Diarrhea', 200, 0, 1, '12 weeks', '24 weeks', '0000-00-00', 1),
(16, 'MMR', 'P Measles, Mumps, Rubella', 200, 0, 1, '12 weeks', '20 weeks', '0000-00-00', 1),
(17, 'Influenza', 'P Seasonal Flu', 200, 0, 1, '24 weeks ', '32 weeks', '0000-00-00', 1),
(18, 'HepA1', 'P Hepatitis A', 200, 0, 1, '24 weeks ', '32 weeks', '0000-00-00', 1),
(19, 'HepA2', 'P Hepatitis A', 200, 0, 1, '32 weeks', '48 weeks', '0000-00-00', 1),
(20, 'DTaP3', 'P Hepatitis B', 200, 0, 1, '24 weeks', '32 weeks', '0000-00-00', 1),
(21, 'Rotavirus3', 'P Diarrhea', 200, 0, 1, '24 weeks', '32 weeks', '0000-00-00', 1),
(22, 'HiB3', 'P Haemophilus Influenza', 200, 0, 1, '24 weeks', '32 weeks', '0000-00-00', 1),
(23, 'PCV3', 'P Pneumonia, Meningitis', 200, 0, 1, '24 weeks', '32 weeks', '0000-00-00', 1),
(24, 'MMR2', 'P Measles, Mumps, Rubella', 200, 0, 1, '24 weeks', '32 weeks', '0000-00-00', 1),
(25, 'Influenza2', 'P Seasonal Flu', 200, 0, 1, '36 weeks', '48 weeks', '0000-00-00', 1);

--
-- Indexes for dumped tables
--

--
-- Indexes for table `appointmenttable`
--
ALTER TABLE `appointmenttable`
  ADD PRIMARY KEY (`appt_id`),
  ADD KEY `userid` (`userid`),
  ADD KEY `cid` (`cid`),
  ADD KEY `vacid` (`vacid`) USING BTREE;

--
-- Indexes for table `childtable`
--
ALTER TABLE `childtable`
  ADD PRIMARY KEY (`cid`),
  ADD KEY `userid` (`userid`);

--
-- Indexes for table `reset_pass`
--
ALTER TABLE `reset_pass`
  ADD PRIMARY KEY (`id`);

--
-- Indexes for table `usertable`
--
ALTER TABLE `usertable`
  ADD PRIMARY KEY (`userid`);

--
-- Indexes for table `vaccineinventory`
--
ALTER TABLE `vaccineinventory`
  ADD PRIMARY KEY (`vacid`);

--
-- AUTO_INCREMENT for dumped tables
--

--
-- AUTO_INCREMENT for table `appointmenttable`
--
ALTER TABLE `appointmenttable`
  MODIFY `appt_id` int(11) NOT NULL AUTO_INCREMENT, AUTO_INCREMENT=3;

--
-- AUTO_INCREMENT for table `childtable`
--
ALTER TABLE `childtable`
  MODIFY `cid` int(11) NOT NULL AUTO_INCREMENT, AUTO_INCREMENT=111;

--
-- AUTO_INCREMENT for table `reset_pass`
--
ALTER TABLE `reset_pass`
  MODIFY `id` int(11) NOT NULL AUTO_INCREMENT, AUTO_INCREMENT=41;

--
-- AUTO_INCREMENT for table `usertable`
--
ALTER TABLE `usertable`
  MODIFY `userid` int(11) NOT NULL AUTO_INCREMENT, AUTO_INCREMENT=41;
COMMIT;

/*!40101 SET CHARACTER_SET_CLIENT=@OLD_CHARACTER_SET_CLIENT */;
/*!40101 SET CHARACTER_SET_RESULTS=@OLD_CHARACTER_SET_RESULTS */;
/*!40101 SET COLLATION_CONNECTION=@OLD_COLLATION_CONNECTION */;
